"../../../Engine/Plugins/Animation/ACLPlugin/Content/ACLAnimBoneCompressionSettings.uasset" 0
"../../../Engine/Plugins/Animation/ACLPlugin/Content/ACLAnimBoneCompressionSettings.uexp" 1
"../../../Engine/Plugins/2D/Paper2D/Content/PlaceholderTextures/DummySpriteTexture.ubulk" 2
"../../../Engine/Plugins/2D/Paper2D/Content/PlaceholderTextures/DummySpriteTexture.uasset" 3
"../../../Engine/Plugins/2D/Paper2D/Content/PlaceholderTextures/DummySpriteTexture.uexp" 4
"../../../Engine/Plugins/2D/Paper2D/Content/DummySprite.uasset" 5
"../../../Engine/Plugins/2D/Paper2D/Content/DummySprite.uexp" 6
"../../../Engine/Plugins/2D/Paper2D/Content/DefaultPaperTerrainMaterial.uasset" 7
"../../../Engine/Plugins/2D/Paper2D/Content/DefaultPaperTerrainMaterial.uexp" 8
"../../../Engine/Content/Animation/DefaultRecorderBoneCompression.uasset" 9
"../../../Engine/Content/Animation/DefaultRecorderBoneCompression.uexp" 10
"../../../Engine/Plugins/Interchange/Runtime/Content/Pipelines/DefaultTexturePipeline.uasset" 11
"../../../Engine/Plugins/Interchange/Runtime/Content/Pipelines/DefaultTexturePipeline.uexp" 12
"../../../Engine/Plugins/Interchange/Runtime/Content/Pipelines/DefaultSceneLevelPipeline.uasset" 13
"../../../Engine/Plugins/Interchange/Runtime/Content/Pipelines/DefaultSceneLevelPipeline.uexp" 14
"../../../Engine/Plugins/Interchange/Runtime/Content/Pipelines/DefaultSceneAssetsPipeline.uasset" 15
"../../../Engine/Plugins/Interchange/Runtime/Content/Pipelines/DefaultSceneAssetsPipeline.uexp" 16
"../../../Engine/Plugins/Interchange/Runtime/Content/Pipelines/DefaultMaterialXPipeline.uasset" 17
"../../../Engine/Plugins/Interchange/Runtime/Content/Pipelines/DefaultMaterialXPipeline.uexp" 18
"../../../Engine/Plugins/Interchange/Runtime/Content/Pipelines/DefaultMaterialPipeline.uasset" 19
"../../../Engine/Plugins/Interchange/Runtime/Content/Pipelines/DefaultMaterialPipeline.uexp" 20
"../../../Engine/Plugins/Interchange/Runtime/Content/Pipelines/DefaultGLTFSceneAssetsPipeline.uasset" 21
"../../../Engine/Plugins/Interchange/Runtime/Content/Pipelines/DefaultGLTFSceneAssetsPipeline.uexp" 22
"../../../Engine/Plugins/Interchange/Runtime/Content/Pipelines/DefaultGLTFPipeline.uasset" 23
"../../../Engine/Plugins/Interchange/Runtime/Content/Pipelines/DefaultGLTFPipeline.uexp" 24
"../../../Engine/Plugins/Interchange/Runtime/Content/Pipelines/DefaultGLTFAssetsPipeline.uasset" 25
"../../../Engine/Plugins/Interchange/Runtime/Content/Pipelines/DefaultGLTFAssetsPipeline.uexp" 26
"../../../Engine/Plugins/Interchange/Runtime/Content/Pipelines/DefaultAssetsPipeline.uasset" 27
"../../../Engine/Plugins/Interchange/Runtime/Content/Pipelines/DefaultAssetsPipeline.uexp" 28
"../../../Engine/Content/EngineSounds/Master.uasset" 29
"../../../Engine/Content/EngineSounds/Master.uexp" 30
"../../../Engine/Content/EngineMaterials/DefaultPhysicalMaterial.uasset" 31
"../../../Engine/Content/EngineMaterials/DefaultPhysicalMaterial.uexp" 32
"../../../Engine/Content/EngineMaterials/DefaultDestructiblePhysicalMaterial.uasset" 33
"../../../Engine/Content/EngineMaterials/DefaultDestructiblePhysicalMaterial.uexp" 34
"../../../Engine/Content/EngineFonts/Faces/DroidSansFallback.uexp" 35
"../../../Engine/Content/EngineFonts/Faces/DroidSansFallback.uasset" 36
"../../../Engine/Content/EngineFonts/Faces/DroidSansFallback.ufont" 37
"../../../Engine/Content/EngineFonts/Faces/RobotoBold.uexp" 38
"../../../Engine/Content/EngineFonts/Faces/RobotoBold.uasset" 39
"../../../Engine/Content/EngineFonts/Faces/RobotoBold.ufont" 40
"../../../Engine/Content/EngineFonts/Faces/RobotoBoldItalic.uexp" 41
"../../../Engine/Content/EngineFonts/Faces/RobotoBoldItalic.uasset" 42
"../../../Engine/Content/EngineFonts/Faces/RobotoBoldItalic.ufont" 43
"../../../Engine/Content/EngineFonts/Faces/RobotoItalic.uexp" 44
"../../../Engine/Content/EngineFonts/Faces/RobotoItalic.uasset" 45
"../../../Engine/Content/EngineFonts/Faces/RobotoItalic.ufont" 46
"../../../Engine/Content/EngineFonts/Faces/RobotoLight.uexp" 47
"../../../Engine/Content/EngineFonts/Faces/RobotoLight.uasset" 48
"../../../Engine/Content/EngineFonts/Faces/RobotoLight.ufont" 49
"../../../Engine/Content/EngineFonts/Faces/RobotoRegular.uexp" 50
"../../../Engine/Content/EngineFonts/Faces/RobotoRegular.uasset" 51
"../../../Engine/Content/EngineFonts/Faces/RobotoRegular.ufont" 52
"../../../Engine/Content/EngineFonts/Roboto.uasset" 53
"../../../Engine/Content/EngineFonts/Roboto.uexp" 54
"../../../Engine/Content/EngineFonts/Faces/DroidSansMono.uexp" 55
"../../../Engine/Content/EngineFonts/Faces/DroidSansMono.uasset" 56
"../../../Engine/Content/EngineFonts/Faces/DroidSansMono.ufont" 57
"../../../Engine/Content/EngineFonts/DroidSansMono.uasset" 58
"../../../Engine/Content/EngineFonts/DroidSansMono.uexp" 59
"../../../Engine/Content/EngineResources/GradientTexture0.uasset" 60
"../../../Engine/Content/EngineResources/GradientTexture0.uexp" 61
"../../../Engine/Content/EngineResources/Black.uasset" 62
"../../../Engine/Content/EngineResources/Black.uexp" 63
"../../../Engine/Content/EditorResources/S_Actor.ubulk" 64
"../../../Engine/Content/EditorResources/S_Actor.uasset" 65
"../../../Engine/Content/EditorResources/S_Actor.uexp" 66
"../../../Engine/Content/EditorResources/S_Trigger.ubulk" 67
"../../../Engine/Content/EditorResources/S_Trigger.uasset" 68
"../../../Engine/Content/EditorResources/S_Trigger.uexp" 69
"../../../Engine/Content/EditorResources/S_BoxReflectionCapture.uasset" 70
"../../../Engine/Content/EditorResources/S_BoxReflectionCapture.uexp" 71
"../../../Engine/Content/EngineResources/DefaultTexture.ubulk" 72
"../../../Engine/Content/EngineResources/DefaultTexture.uasset" 73
"../../../Engine/Content/EngineResources/DefaultTexture.uexp" 74
"../../../Engine/Content/EditorResources/S_TriggerBox.uasset" 75
"../../../Engine/Content/EditorResources/S_TriggerBox.uexp" 76
"../../../Engine/Content/EditorResources/S_TriggerCapsule.uasset" 77
"../../../Engine/Content/EditorResources/S_TriggerCapsule.uexp" 78
"../../../Engine/Content/EditorResources/S_TriggerSphere.uasset" 79
"../../../Engine/Content/EditorResources/S_TriggerSphere.uexp" 80
"../../../Engine/Content/EngineMeshes/Sphere.ubulk" 81
"../../../Engine/Content/EngineMeshes/Sphere.uasset" 82
"../../../Engine/Content/EngineMeshes/Sphere.uexp" 83
"../../../Engine/Content/EngineResources/DefaultTextureCube.uasset" 84
"../../../Engine/Content/EngineResources/DefaultTextureCube.uexp" 85
"../../../Engine/Content/VREditor/TransformGizmo/Xray.uasset" 86
"../../../Engine/Content/VREditor/TransformGizmo/Xray.uexp" 87
"../../../Engine/Content/VREditor/TransformGizmo/Main.uasset" 88
"../../../Engine/Content/VREditor/TransformGizmo/Main.uexp" 89
"../../../Engine/Content/VREditor/TransformGizmo/SM_Sequencer_Node.ubulk" 90
"../../../Engine/Content/VREditor/TransformGizmo/SM_Sequencer_Node.uasset" 91
"../../../Engine/Content/VREditor/TransformGizmo/SM_Sequencer_Node.uexp" 92
"../../../Engine/Content/EditorResources/S_Solver.ubulk" 93
"../../../Engine/Content/EditorResources/S_Solver.uasset" 94
"../../../Engine/Content/EditorResources/S_Solver.uexp" 95
"../../../Engine/Content/EditorMaterials/Camera/CineMat.uasset" 96
"../../../Engine/Content/EditorMaterials/Camera/CineMat.uexp" 97
"../../../Engine/Content/EditorMaterials/Camera/MI_CineMat_Rig.uasset" 98
"../../../Engine/Content/EditorMaterials/Camera/MI_CineMat_Rig.uexp" 99
"../../../Engine/Content/EditorMeshes/Camera/SM_CraneRig_Base.ubulk" 100
"../../../Engine/Content/EditorMeshes/Camera/SM_CraneRig_Base.uasset" 101
"../../../Engine/Content/EditorMeshes/Camera/SM_CraneRig_Base.uexp" 102
"../../../Engine/Content/EditorMeshes/Camera/SM_CraneRig_Arm.ubulk" 103
"../../../Engine/Content/EditorMeshes/Camera/SM_CraneRig_Arm.uasset" 104
"../../../Engine/Content/EditorMeshes/Camera/SM_CraneRig_Arm.uexp" 105
"../../../Engine/Content/EditorMeshes/Camera/SM_CraneRig_Mount.ubulk" 106
"../../../Engine/Content/EditorMeshes/Camera/SM_CraneRig_Mount.uasset" 107
"../../../Engine/Content/EditorMeshes/Camera/SM_CraneRig_Mount.uexp" 108
"../../../Engine/Content/EditorMeshes/Camera/SM_CraneRig_Body.ubulk" 109
"../../../Engine/Content/EditorMeshes/Camera/SM_CraneRig_Body.uasset" 110
"../../../Engine/Content/EditorMeshes/Camera/SM_CraneRig_Body.uexp" 111
"../../../Engine/Content/EditorMeshes/Camera/SM_RailRig_Track.ubulk" 112
"../../../Engine/Content/EditorMeshes/Camera/SM_RailRig_Track.uasset" 113
"../../../Engine/Content/EditorMeshes/Camera/SM_RailRig_Track.uexp" 114
"../../../Engine/Plugins/2D/Paper2D/Content/DefaultSpriteMaterial.uasset" 115
"../../../Engine/Plugins/2D/Paper2D/Content/DefaultSpriteMaterial.uexp" 116
"../../../Engine/Plugins/2D/Paper2D/Content/OpaqueUnlitSpriteMaterial.uasset" 117
"../../../Engine/Plugins/2D/Paper2D/Content/OpaqueUnlitSpriteMaterial.uexp" 118
"../../../Engine/Plugins/2D/Paper2D/Content/MaskedUnlitSpriteMaterial.uasset" 119
"../../../Engine/Plugins/2D/Paper2D/Content/MaskedUnlitSpriteMaterial.uexp" 120
"../../../Engine/Content/EditorMeshes/Camera/SM_RailRig_Mount.ubulk" 121
"../../../Engine/Content/EditorMeshes/Camera/SM_RailRig_Mount.uasset" 122
"../../../Engine/Content/EditorMeshes/Camera/SM_RailRig_Mount.uexp" 123
"../../../Engine/Plugins/NNE/NNEDenoiser/Content/NNE_oidn2-3-0_rt_hdr_calb_cnrm_large__dyn__fp16_opset11_ForwardAlpha.uasset" 124
"../../../Engine/Plugins/NNE/NNEDenoiser/Content/NNE_oidn2-3-0_rt_hdr_calb_cnrm_large__dyn__fp16_opset11_ForwardAlpha.uexp" 125
"../../../Engine/Plugins/NNE/NNEDenoiser/Content/NNE_oidn2-3-0_rt_hdr_calb_cnrm_large__dyn__fp16_opset11_DenoiseAlpha.uasset" 126
"../../../Engine/Plugins/NNE/NNEDenoiser/Content/NNE_oidn2-3-0_rt_hdr_calb_cnrm_large__dyn__fp16_opset11_DenoiseAlpha.uexp" 127
"../../../Engine/Plugins/NNE/NNEDenoiser/Content/NNE_oidn2-3-0_rt_hdr_alb_nrm__dyn__fp16_opset11_ForwardAlpha.uasset" 128
"../../../Engine/Plugins/NNE/NNEDenoiser/Content/NNE_oidn2-3-0_rt_hdr_alb_nrm__dyn__fp16_opset11_ForwardAlpha.uexp" 129
"../../../Engine/Plugins/NNE/NNEDenoiser/Content/NNE_oidn2-3-0_rt_hdr_alb_nrm__dyn__fp16_opset11_DenoiseAlpha.uasset" 130
"../../../Engine/Plugins/NNE/NNEDenoiser/Content/NNE_oidn2-3-0_rt_hdr_alb_nrm__dyn__fp16_opset11_DenoiseAlpha.uexp" 131
"../../../Engine/Plugins/NNE/NNEDenoiser/Content/NNE_oidn2-3-0_rt_hdr_alb_nrm_small__dyn__fp16_opset11_ForwardAlpha.uasset" 132
"../../../Engine/Plugins/NNE/NNEDenoiser/Content/NNE_oidn2-3-0_rt_hdr_alb_nrm_small__dyn__fp16_opset11_ForwardAlpha.uexp" 133
"../../../Engine/Plugins/NNE/NNEDenoiser/Content/NNE_oidn2-3-0_rt_hdr_alb_nrm_small__dyn__fp16_opset11_DenoiseAlpha.uasset" 134
"../../../Engine/Plugins/NNE/NNEDenoiser/Content/NNE_oidn2-3-0_rt_hdr_alb_nrm_small__dyn__fp16_opset11_DenoiseAlpha.uexp" 135
"../../../Engine/Plugins/NNE/NNEDenoiser/Content/NNEDTOM_Output_Default.uasset" 136
"../../../Engine/Plugins/NNE/NNEDenoiser/Content/NNEDTOM_Output_Default.uexp" 137
"../../../Engine/Plugins/NNE/NNEDenoiser/Content/NNEDTOM_Output_Alpha.uasset" 138
"../../../Engine/Plugins/NNE/NNEDenoiser/Content/NNEDTOM_Output_Alpha.uexp" 139
"../../../Engine/Plugins/NNE/NNEDenoiser/Content/NNEDTIM_ColorAlbedoNormal_Default.uasset" 140
"../../../Engine/Plugins/NNE/NNEDenoiser/Content/NNEDTIM_ColorAlbedoNormal_Default.uexp" 141
"../../../Engine/Plugins/NNE/NNEDenoiser/Content/NNEDTIM_ColorAlbedoNormal_Alpha.uasset" 142
"../../../Engine/Plugins/NNE/NNEDenoiser/Content/NNEDTIM_ColorAlbedoNormal_Alpha.uexp" 143
"../../../Engine/Plugins/NNE/NNEDenoiser/Content/NNEDOM_Output_Default.uasset" 144
"../../../Engine/Plugins/NNE/NNEDenoiser/Content/NNEDOM_Output_Default.uexp" 145
"../../../Engine/Plugins/NNE/NNEDenoiser/Content/NNEDOM_Output_Alpha.uasset" 146
"../../../Engine/Plugins/NNE/NNEDenoiser/Content/NNEDOM_Output_Alpha.uexp" 147
"../../../Engine/Plugins/NNE/NNEDenoiser/Content/NNEDIM_HighQuality_Default.uasset" 148
"../../../Engine/Plugins/NNE/NNEDenoiser/Content/NNEDIM_HighQuality_Default.uexp" 149
"../../../Engine/Plugins/NNE/NNEDenoiser/Content/NNEDIM_HighQuality_Alpha.uasset" 150
"../../../Engine/Plugins/NNE/NNEDenoiser/Content/NNEDIM_HighQuality_Alpha.uexp" 151
"../../../Engine/Plugins/NNE/NNEDenoiser/Content/NNEDIM_ColorAlbedoNormal_Default.uasset" 152
"../../../Engine/Plugins/NNE/NNEDenoiser/Content/NNEDIM_ColorAlbedoNormal_Default.uexp" 153
"../../../Engine/Plugins/NNE/NNEDenoiser/Content/NNEDIM_ColorAlbedoNormal_Alpha.uasset" 154
"../../../Engine/Plugins/NNE/NNEDenoiser/Content/NNEDIM_ColorAlbedoNormal_Alpha.uexp" 155
"../../../Engine/Content/EngineMaterials/T_Default_Material_Grid_M.ubulk" 156
"../../../Engine/Content/EngineMaterials/T_Default_Material_Grid_M.uasset" 157
"../../../Engine/Content/EngineMaterials/T_Default_Material_Grid_M.uexp" 158
"../../../Engine/Content/EngineMaterials/T_Default_Material_Grid_N.ubulk" 159
"../../../Engine/Content/EngineMaterials/T_Default_Material_Grid_N.uasset" 160
"../../../Engine/Content/EngineMaterials/T_Default_Material_Grid_N.uexp" 161
"../../../Engine/Content/Functions/Engine_MaterialFunctions01/Opacity/CameraDepthFade.uasset" 162
"../../../Engine/Content/Functions/Engine_MaterialFunctions01/Opacity/CameraDepthFade.uexp" 163
"../../../Engine/Content/EngineMaterials/WorldGridMaterial.uasset" 164
"../../../Engine/Content/EngineMaterials/WorldGridMaterial.uexp" 165
"../../../Engine/Plugins/Media/MediaPlate/Content/SM_MediaPlateScreen.ubulk" 166
"../../../Engine/Plugins/Media/MediaPlate/Content/SM_MediaPlateScreen.uasset" 167
"../../../Engine/Plugins/Media/MediaPlate/Content/SM_MediaPlateScreen.uexp" 168
"../../../Engine/Content/Functions/Engine_MaterialFunctions02/WorldPositionOffset/CameraOffset.uasset" 169
"../../../Engine/Content/Functions/Engine_MaterialFunctions02/WorldPositionOffset/CameraOffset.uexp" 170
"../../../Engine/Plugins/Animation/ControlRig/Content/M_Manip.uasset" 171
"../../../Engine/Plugins/Animation/ControlRig/Content/M_Manip.uexp" 172
"../../../Engine/Content/EngineMaterials/DefaultMaterial.uasset" 173
"../../../Engine/Content/EngineMaterials/DefaultMaterial.uexp" 174
"../../../Engine/Content/BasicShapes/Sphere.ubulk" 175
"../../../Engine/Content/BasicShapes/Sphere.uasset" 176
"../../../Engine/Content/BasicShapes/Sphere.uexp" 177
"../../../Engine/Content/BasicShapes/Plane.ubulk" 178
"../../../Engine/Content/BasicShapes/Plane.uasset" 179
"../../../Engine/Content/BasicShapes/Plane.uexp" 180
"../../../Engine/Content/BasicShapes/Cylinder.ubulk" 181
"../../../Engine/Content/BasicShapes/Cylinder.uasset" 182
"../../../Engine/Content/BasicShapes/Cylinder.uexp" 183
"../../../Engine/Content/BasicShapes/Cube.ubulk" 184
"../../../Engine/Content/BasicShapes/Cube.uasset" 185
"../../../Engine/Content/BasicShapes/Cube.uexp" 186
"../../../Engine/Content/BasicShapes/Cone.ubulk" 187
"../../../Engine/Content/BasicShapes/Cone.uasset" 188
"../../../Engine/Content/BasicShapes/Cone.uexp" 189
"../../../Engine/Content/BasicShapes/BasicShapeMaterial.uasset" 190
"../../../Engine/Content/BasicShapes/BasicShapeMaterial.uexp" 191
"../../../Engine/Content/Functions/Engine_MaterialFunctions02/Utility/CameraDirectionVector.uasset" 192
"../../../Engine/Content/Functions/Engine_MaterialFunctions02/Utility/CameraDirectionVector.uexp" 193
"../../../Engine/Content/EngineDebugMaterials/VolumeToRender.uasset" 194
"../../../Engine/Content/EngineDebugMaterials/VolumeToRender.uexp" 195
"../../../Engine/Content/EngineDebugMaterials/M_VolumeRenderSphereTracePP.uasset" 196
"../../../Engine/Content/EngineDebugMaterials/M_VolumeRenderSphereTracePP.uexp" 197
"../../../Engine/Content/EngineDebugMaterials/M_SimpleUnlitTranslucent.uasset" 198
"../../../Engine/Content/EngineDebugMaterials/M_SimpleUnlitTranslucent.uexp" 199
"../../../Engine/Content/EngineDebugMaterials/DebugMeshMaterial.uasset" 200
"../../../Engine/Content/EngineDebugMaterials/DebugMeshMaterial.uexp" 201
"../../../Engine/Content/EngineDebugMaterials/DebugEditorMaterial.uasset" 202
"../../../Engine/Content/EngineDebugMaterials/DebugEditorMaterial.uexp" 203
"../../../Engine/Content/EngineDamageTypes/DmgTypeBP_Environmental.uasset" 204
"../../../Engine/Content/EngineDamageTypes/DmgTypeBP_Environmental.uexp" 205
"../../../Engine/Content/EditorResources/S_Terrain.ubulk" 206
"../../../Engine/Content/EditorResources/S_Terrain.uasset" 207
"../../../Engine/Content/EditorResources/S_Terrain.uexp" 208
"../../../Engine/Content/EditorResources/BSPVertex.uasset" 209
"../../../Engine/Content/EditorResources/BSPVertex.uexp" 210
"../../../Engine/Content/EditorMaterials/PreviewShadowIndicator.ubulk" 211
"../../../Engine/Content/EditorMaterials/PreviewShadowIndicator.uasset" 212
"../../../Engine/Content/EditorMaterials/PreviewShadowIndicator.uexp" 213
"../../../Engine/Content/EditorMaterials/PreviewShadowIndicatorMaterial.uasset" 214
"../../../Engine/Content/EditorMaterials/PreviewShadowIndicatorMaterial.uexp" 215
"../../../Engine/Content/EditorMaterials/PhAT_UnselectedMaterial.uasset" 216
"../../../Engine/Content/EditorMaterials/PhAT_UnselectedMaterial.uexp" 217
"../../../Engine/Content/EditorMaterials/PhAT_NoCollisionMaterial.uasset" 218
"../../../Engine/Content/EditorMaterials/PhAT_NoCollisionMaterial.uexp" 219
"../../../Engine/Content/EditorLandscapeResources/SplineEditorMeshMat.uasset" 220
"../../../Engine/Content/EditorLandscapeResources/SplineEditorMeshMat.uexp" 221
"../../../Engine/Content/EditorLandscapeResources/SplineEditorMesh.ubulk" 222
"../../../Engine/Content/EditorLandscapeResources/SplineEditorMesh.uasset" 223
"../../../Engine/Content/EditorLandscapeResources/SplineEditorMesh.uexp" 224
"../../../Engine/Content/EditorLandscapeResources/WhiteSquareTexture.uasset" 225
"../../../Engine/Content/EditorLandscapeResources/WhiteSquareTexture.uexp" 226
"../../../Engine/Content/Functions/Engine_MaterialFunctions03/Math/WithinRangeFloat2.uasset" 227
"../../../Engine/Content/Functions/Engine_MaterialFunctions03/Math/WithinRangeFloat2.uexp" 228
"../../../Engine/Content/EditorLandscapeResources/DefaultAlphaTexture.uasset" 229
"../../../Engine/Content/EditorLandscapeResources/DefaultAlphaTexture.uexp" 230
"../../../Engine/Content/EditorLandscapeResources/SelectBrushMaterial.uasset" 231
"../../../Engine/Content/EditorLandscapeResources/SelectBrushMaterial.uexp" 232
"../../../Engine/Content/EditorLandscapeResources/SelectBrushMaterial_SelectedRegion.uasset" 233
"../../../Engine/Content/EditorLandscapeResources/SelectBrushMaterial_SelectedRegion.uexp" 234
"../../../Engine/Content/EditorLandscapeResources/SelectBrushMaterial_Selected.uasset" 235
"../../../Engine/Content/EditorLandscapeResources/SelectBrushMaterial_Selected.uexp" 236
"../../../Engine/Content/Functions/Engine_MaterialFunctions02/Utility/MakeFloat3.uasset" 237
"../../../Engine/Content/Functions/Engine_MaterialFunctions02/Utility/MakeFloat3.uexp" 238
"../../../Engine/Content/EditorLandscapeResources/MaskBrushMaterial.uasset" 239
"../../../Engine/Content/EditorLandscapeResources/MaskBrushMaterial.uexp" 240
"../../../Engine/Content/EditorLandscapeResources/MaskBrushMaterial_MaskedRegion.uasset" 241
"../../../Engine/Content/EditorLandscapeResources/MaskBrushMaterial_MaskedRegion.uexp" 242
"../../../Engine/Content/EditorLandscapeResources/LayerVisMaterial.uasset" 243
"../../../Engine/Content/EditorLandscapeResources/LayerVisMaterial.uexp" 244
"../../../Engine/Content/Functions/Engine_MaterialFunctions02/Utility/BreakOutFloat2Components.uasset" 245
"../../../Engine/Content/Functions/Engine_MaterialFunctions02/Utility/BreakOutFloat2Components.uexp" 246
"../../../Engine/Content/Functions/Engine_MaterialFunctions01/Texturing/ScaleUVsByCenter.uasset" 247
"../../../Engine/Content/Functions/Engine_MaterialFunctions01/Texturing/ScaleUVsByCenter.uexp" 248
"../../../Engine/Content/Functions/Engine_MaterialFunctions02/WorldPositionOffset/LocalPosition.uasset" 249
"../../../Engine/Content/Functions/Engine_MaterialFunctions02/WorldPositionOffset/LocalPosition.uexp" 250
"../../../Engine/Content/EngineMaterials/DefaultDiffuse.ubulk" 251
"../../../Engine/Content/EngineMaterials/DefaultDiffuse.uasset" 252
"../../../Engine/Content/EngineMaterials/DefaultDiffuse.uexp" 253
"../../../Engine/Content/Functions/Engine_MaterialFunctions01/Texturing/TextureCropping.uasset" 254
"../../../Engine/Content/Functions/Engine_MaterialFunctions01/Texturing/TextureCropping.uexp" 255
"../../../Engine/Content/Functions/Engine_MaterialFunctions02/ExampleContent/DebugNumberStrip.uasset" 256
"../../../Engine/Content/Functions/Engine_MaterialFunctions02/ExampleContent/DebugNumberStrip.uexp" 257
"../../../Engine/Content/Functions/Engine_MaterialFunctions01/Debug/DebugIntValues.uasset" 258
"../../../Engine/Content/Functions/Engine_MaterialFunctions01/Debug/DebugIntValues.uexp" 259
"../../../Engine/Content/EditorLandscapeResources/LandscapeLayerUsageMaterial.uasset" 260
"../../../Engine/Content/EditorLandscapeResources/LandscapeLayerUsageMaterial.uexp" 261
"../../../Engine/Content/EditorLandscapeResources/LandscapeDirtyMaterial.uasset" 262
"../../../Engine/Content/EditorLandscapeResources/LandscapeDirtyMaterial.uexp" 263
"../../../Engine/Content/EditorLandscapeResources/ColorMaskBrushMaterial.uasset" 264
"../../../Engine/Content/EditorLandscapeResources/ColorMaskBrushMaterial.uexp" 265
"../../../Engine/Content/EditorLandscapeResources/ColorMaskBrushMaterial_MaskedRegion.uasset" 266
"../../../Engine/Content/EditorLandscapeResources/ColorMaskBrushMaterial_MaskedRegion.uexp" 267
"../../../Engine/Plugins/Runtime/HairStrands/Content/Materials/HairMeshesDefaultMaterial.uasset" 268
"../../../Engine/Plugins/Runtime/HairStrands/Content/Materials/HairMeshesDefaultMaterial.uexp" 269
"../../../Engine/Plugins/Runtime/HairStrands/Content/Materials/HairDefaultMaterial.uasset" 270
"../../../Engine/Plugins/Runtime/HairStrands/Content/Materials/HairDefaultMaterial.uexp" 271
"../../../Engine/Content/Functions/Engine_MaterialFunctions02/Utility/MakeFloat2.uasset" 272
"../../../Engine/Content/Functions/Engine_MaterialFunctions02/Utility/MakeFloat2.uexp" 273
"../../../Engine/Plugins/Runtime/HairStrands/Content/Materials/HairGroupColors.uasset" 274
"../../../Engine/Plugins/Runtime/HairStrands/Content/Materials/HairGroupColors.uexp" 275
"../../../Engine/Content/EngineMaterials/HairColorMap.uasset" 276
"../../../Engine/Content/EngineMaterials/HairColorMap.uexp" 277
"../../../Engine/Content/EngineMaterials/HairDebugColor.uasset" 278
"../../../Engine/Content/EngineMaterials/HairDebugColor.uexp" 279
"../../../Engine/Plugins/Runtime/HairStrands/Content/Materials/HairDebugMaterial.uasset" 280
"../../../Engine/Plugins/Runtime/HairStrands/Content/Materials/HairDebugMaterial.uexp" 281
"../../../Engine/Plugins/Runtime/HairStrands/Content/Materials/HairCardsDefaultMaterial.uasset" 282
"../../../Engine/Plugins/Runtime/HairStrands/Content/Materials/HairCardsDefaultMaterial.uexp" 283
"../../../Engine/Plugins/Runtime/AudioWidgets/Content/Resources/ScrubHandleDown_Clamped.uasset" 284
"../../../Engine/Plugins/Runtime/AudioWidgets/Content/Resources/ScrubHandleDown_Clamped.uexp" 285
"../../../Engine/Plugins/Interchange/Assets/Content/Functions/MX_UsdPreviewSurface.uasset" 286
"../../../Engine/Plugins/Interchange/Assets/Content/Functions/MX_UsdPreviewSurface.uexp" 287
"../../../Engine/Plugins/Interchange/Assets/Content/Functions/MX_UniformEDF.uasset" 288
"../../../Engine/Plugins/Interchange/Assets/Content/Functions/MX_UniformEDF.uexp" 289
"../../../Engine/Plugins/Interchange/Assets/Content/Functions/MX_TranslucentBSDF.uasset" 290
"../../../Engine/Plugins/Interchange/Assets/Content/Functions/MX_TranslucentBSDF.uexp" 291
"../../../Engine/Plugins/Interchange/Assets/Content/Functions/MX_ThinFilmBSDF.uasset" 292
"../../../Engine/Plugins/Interchange/Assets/Content/Functions/MX_ThinFilmBSDF.uexp" 293
"../../../Engine/Plugins/Interchange/Assets/Content/Functions/MX_SurfaceUnlit.uasset" 294
"../../../Engine/Plugins/Interchange/Assets/Content/Functions/MX_SurfaceUnlit.uexp" 295
"../../../Engine/Plugins/Interchange/Assets/Content/Functions/MX_Surface.uasset" 296
"../../../Engine/Plugins/Interchange/Assets/Content/Functions/MX_Surface.uexp" 297
"../../../Engine/Plugins/Interchange/Assets/Content/Functions/MX_SubsurfaceBSDF.uasset" 298
"../../../Engine/Plugins/Interchange/Assets/Content/Functions/MX_SubsurfaceBSDF.uexp" 299
"../../../Engine/Plugins/Interchange/Assets/Content/Functions/MX_SheenBSDF.uasset" 300
"../../../Engine/Plugins/Interchange/Assets/Content/Functions/MX_SheenBSDF.uexp" 301
"../../../Engine/Plugins/Interchange/Assets/Content/Functions/MX_OrenNayarBSDF.uasset" 302
"../../../Engine/Plugins/Interchange/Assets/Content/Functions/MX_OrenNayarBSDF.uexp" 303
"../../../Engine/Plugins/Interchange/Assets/Content/Functions/MF_IridescenceNoLUT.uasset" 304
"../../../Engine/Plugins/Interchange/Assets/Content/Functions/MF_IridescenceNoLUT.uexp" 305
"../../../Engine/Plugins/Interchange/Assets/Content/Functions/MX_StandardSurface.uasset" 306
"../../../Engine/Plugins/Interchange/Assets/Content/Functions/MX_StandardSurface.uexp" 307
"../../../Engine/Plugins/Interchange/Assets/Content/Functions/MX_TransmissionSurface.uasset" 308
"../../../Engine/Plugins/Interchange/Assets/Content/Functions/MX_TransmissionSurface.uexp" 309
"../../../Engine/Plugins/Interchange/Assets/Content/Functions/MX_OpenPBR_Translucent.uasset" 310
"../../../Engine/Plugins/Interchange/Assets/Content/Functions/MX_OpenPBR_Translucent.uexp" 311
"../../../Engine/Plugins/Interchange/Assets/Content/Functions/MX_OpenPBR_Opaque.uasset" 312
"../../../Engine/Plugins/Interchange/Assets/Content/Functions/MX_OpenPBR_Opaque.uexp" 313
"../../../Engine/Plugins/Interchange/Assets/Content/Functions/MX_MeasuredEDF.uasset" 314
"../../../Engine/Plugins/Interchange/Assets/Content/Functions/MX_MeasuredEDF.uexp" 315
"../../../Engine/Plugins/Interchange/Assets/Content/Functions/MX_GeneralizedSchlickBSDF.uasset" 316
"../../../Engine/Plugins/Interchange/Assets/Content/Functions/MX_GeneralizedSchlickBSDF.uexp" 317
"../../../Engine/Plugins/Interchange/Assets/Content/Functions/MX_Displacement.uasset" 318
"../../../Engine/Plugins/Interchange/Assets/Content/Functions/MX_Displacement.uexp" 319
"../../../Engine/Plugins/Interchange/Assets/Content/Functions/MX_DielectricBSDF.uasset" 320
"../../../Engine/Plugins/Interchange/Assets/Content/Functions/MX_DielectricBSDF.uexp" 321
"../../../Engine/Plugins/Interchange/Assets/Content/Functions/MX_ConicalEDF.uasset" 322
"../../../Engine/Plugins/Interchange/Assets/Content/Functions/MX_ConicalEDF.uexp" 323
"../../../Engine/Plugins/Interchange/Assets/Content/Functions/MX_ConductorBSDF.uasset" 324
"../../../Engine/Plugins/Interchange/Assets/Content/Functions/MX_ConductorBSDF.uexp" 325
"../../../Engine/Plugins/Interchange/Assets/Content/Functions/MX_BurleyDiffuseBSDF.uasset" 326
"../../../Engine/Plugins/Interchange/Assets/Content/Functions/MX_BurleyDiffuseBSDF.uexp" 327
"../../../Engine/Plugins/Interchange/Assets/Content/Functions/MX_AnisotropicVDF.uasset" 328
"../../../Engine/Plugins/Interchange/Assets/Content/Functions/MX_AnisotropicVDF.uexp" 329
"../../../Engine/Plugins/Interchange/Assets/Content/Functions/MX_AbsorptionVDF.uasset" 330
"../../../Engine/Plugins/Interchange/Assets/Content/Functions/MX_AbsorptionVDF.uexp" 331
"../../../Engine/Content/Functions/Engine_MaterialFunctions02/Utility/VectorLength.uasset" 332
"../../../Engine/Content/Functions/Engine_MaterialFunctions02/Utility/VectorLength.uexp" 333
"../../../Engine/Content/Functions/Engine_MaterialFunctions02/Utility/BreakOutFloat3Components.uasset" 334
"../../../Engine/Content/Functions/Engine_MaterialFunctions02/Utility/BreakOutFloat3Components.uexp" 335
"../../../Engine/Content/Functions/Engine_MaterialFunctions02/ObjectLocalBounds.uasset" 336
"../../../Engine/Content/Functions/Engine_MaterialFunctions02/ObjectLocalBounds.uexp" 337
"../../../Engine/Content/Functions/Engine_MaterialFunctions02/SafeNormalize.uasset" 338
"../../../Engine/Content/Functions/Engine_MaterialFunctions02/SafeNormalize.uexp" 339
"../../../Engine/Content/Functions/Engine_MaterialFunctions02/WorldPositionOffset/ObjectScale.uasset" 340
"../../../Engine/Content/Functions/Engine_MaterialFunctions02/WorldPositionOffset/ObjectScale.uexp" 341
"../../../Engine/Plugins/Editor/SpeedTreeImporter/Content/SpeedTree9/UnpackInteger3.uasset" 342
"../../../Engine/Plugins/Editor/SpeedTreeImporter/Content/SpeedTree9/UnpackInteger3.uexp" 343
"../../../Engine/Plugins/Editor/SpeedTreeImporter/Content/SpeedTree9/UnpackDirection.uasset" 344
"../../../Engine/Plugins/Editor/SpeedTreeImporter/Content/SpeedTree9/UnpackDirection.uexp" 345
"../../../Engine/Plugins/Editor/SpeedTreeImporter/Content/SpeedTree9/game_wind_noise.ubulk" 346
"../../../Engine/Plugins/Editor/SpeedTreeImporter/Content/SpeedTree9/game_wind_noise.uasset" 347
"../../../Engine/Plugins/Editor/SpeedTreeImporter/Content/SpeedTree9/game_wind_noise.uexp" 348
"../../../Engine/Plugins/Editor/SpeedTreeImporter/Content/SpeedTree9/SpeedTreeWindMotion.uasset" 349
"../../../Engine/Plugins/Editor/SpeedTreeImporter/Content/SpeedTree9/SpeedTreeWindMotion.uexp" 350
"../../../Engine/Plugins/Editor/SpeedTreeImporter/Content/SpeedTree9/SpeedTreeBranchMotion.uasset" 351
"../../../Engine/Plugins/Editor/SpeedTreeImporter/Content/SpeedTree9/SpeedTreeBranchMotion.uexp" 352
"../../../Engine/Content/Functions/Engine_MaterialFunctions02/UVs/BoundingBoxBased_0-1_UVW.uasset" 353
"../../../Engine/Content/Functions/Engine_MaterialFunctions02/UVs/BoundingBoxBased_0-1_UVW.uexp" 354
"../../../Engine/Plugins/Editor/SpeedTreeImporter/Content/SpeedTree9/SpeedTreeWind.uasset" 355
"../../../Engine/Plugins/Editor/SpeedTreeImporter/Content/SpeedTree9/SpeedTreeWind.uexp" 356
"../../../Engine/Plugins/Editor/SpeedTreeImporter/Content/SpeedTree9/SpeedTreeCameraFacing.uasset" 357
"../../../Engine/Plugins/Editor/SpeedTreeImporter/Content/SpeedTree9/SpeedTreeCameraFacing.uexp" 358
"../../../Engine/Plugins/Editor/SpeedTreeImporter/Content/SpeedTree9/EmptyNormal.uasset" 359
"../../../Engine/Plugins/Editor/SpeedTreeImporter/Content/SpeedTree9/EmptyNormal.uexp" 360
"../../../Engine/Plugins/Editor/SpeedTreeImporter/Content/SpeedTree9/Empty.uasset" 361
"../../../Engine/Plugins/Editor/SpeedTreeImporter/Content/SpeedTree9/Empty.uexp" 362
"../../../Engine/Plugins/Editor/SpeedTreeImporter/Content/SpeedTree9/SpeedTreeMaster.uasset" 363
"../../../Engine/Plugins/Editor/SpeedTreeImporter/Content/SpeedTree9/SpeedTreeMaster.uexp" 364
"../../../Engine/Plugins/Editor/SpeedTreeImporter/Content/SpeedTree9/SpeedTreeBillboard.uasset" 365
"../../../Engine/Plugins/Editor/SpeedTreeImporter/Content/SpeedTree9/SpeedTreeBillboard.uexp" 366
"../../../Engine/Plugins/Editor/SpeedTreeImporter/Content/SpeedTree9/SpeedTreeBillboardMaster.uasset" 367
"../../../Engine/Plugins/Editor/SpeedTreeImporter/Content/SpeedTree9/SpeedTreeBillboardMaster.uexp" 368
"../../../Engine/Plugins/Animation/ControlRig/Content/Controls/ControlRig_Wedge_solid.ubulk" 369
"../../../Engine/Plugins/Animation/ControlRig/Content/Controls/ControlRig_Wedge_solid.uasset" 370
"../../../Engine/Plugins/Animation/ControlRig/Content/Controls/ControlRig_Wedge_solid.uexp" 371
"../../../Engine/Plugins/Animation/ControlRig/Content/Controls/ControlRig_Wedge_3mm.ubulk" 372
"../../../Engine/Plugins/Animation/ControlRig/Content/Controls/ControlRig_Wedge_3mm.uasset" 373
"../../../Engine/Plugins/Animation/ControlRig/Content/Controls/ControlRig_Wedge_3mm.uexp" 374
"../../../Engine/Plugins/Animation/ControlRig/Content/Controls/ControlRig_Wedge_1mm.ubulk" 375
"../../../Engine/Plugins/Animation/ControlRig/Content/Controls/ControlRig_Wedge_1mm.uasset" 376
"../../../Engine/Plugins/Animation/ControlRig/Content/Controls/ControlRig_Wedge_1mm.uexp" 377
"../../../Engine/Plugins/Animation/ControlRig/Content/Controls/ControlRig_Triangle_solid.ubulk" 378
"../../../Engine/Plugins/Animation/ControlRig/Content/Controls/ControlRig_Triangle_solid.uasset" 379
"../../../Engine/Plugins/Animation/ControlRig/Content/Controls/ControlRig_Triangle_solid.uexp" 380
"../../../Engine/Plugins/Animation/ControlRig/Content/Controls/ControlRig_Triangle_3mm.ubulk" 381
"../../../Engine/Plugins/Animation/ControlRig/Content/Controls/ControlRig_Triangle_3mm.uasset" 382
"../../../Engine/Plugins/Animation/ControlRig/Content/Controls/ControlRig_Triangle_3mm.uexp" 383
"../../../Engine/Plugins/Animation/ControlRig/Content/Controls/ControlRig_Triangle_1mm.ubulk" 384
"../../../Engine/Plugins/Animation/ControlRig/Content/Controls/ControlRig_Triangle_1mm.uasset" 385
"../../../Engine/Plugins/Animation/ControlRig/Content/Controls/ControlRig_Triangle_1mm.uexp" 386
"../../../Engine/Plugins/Animation/ControlRig/Content/Controls/ControlRig_Star4_solid.ubulk" 387
"../../../Engine/Plugins/Animation/ControlRig/Content/Controls/ControlRig_Star4_solid.uasset" 388
"../../../Engine/Plugins/Animation/ControlRig/Content/Controls/ControlRig_Star4_solid.uexp" 389
"../../../Engine/Plugins/Animation/ControlRig/Content/Controls/ControlRig_Star4_3mm.ubulk" 390
"../../../Engine/Plugins/Animation/ControlRig/Content/Controls/ControlRig_Star4_3mm.uasset" 391
"../../../Engine/Plugins/Animation/ControlRig/Content/Controls/ControlRig_Star4_3mm.uexp" 392
"../../../Engine/Plugins/Animation/ControlRig/Content/Controls/ControlRig_Star4_1mm.ubulk" 393
"../../../Engine/Plugins/Animation/ControlRig/Content/Controls/ControlRig_Star4_1mm.uasset" 394
"../../../Engine/Plugins/Animation/ControlRig/Content/Controls/ControlRig_Star4_1mm.uexp" 395
"../../../Engine/Plugins/Animation/ControlRig/Content/Controls/ControlRig_Square_solid.ubulk" 396
"../../../Engine/Plugins/Animation/ControlRig/Content/Controls/ControlRig_Square_solid.uasset" 397
"../../../Engine/Plugins/Animation/ControlRig/Content/Controls/ControlRig_Square_solid.uexp" 398
"../../../Engine/Plugins/Animation/ControlRig/Content/Controls/ControlRig_Square_3mm.ubulk" 399
"../../../Engine/Plugins/Animation/ControlRig/Content/Controls/ControlRig_Square_3mm.uasset" 400
"../../../Engine/Plugins/Animation/ControlRig/Content/Controls/ControlRig_Square_3mm.uexp" 401
"../../../Engine/Plugins/Animation/ControlRig/Content/Controls/ControlRig_Square_1mm.ubulk" 402
"../../../Engine/Plugins/Animation/ControlRig/Content/Controls/ControlRig_Square_1mm.uasset" 403
"../../../Engine/Plugins/Animation/ControlRig/Content/Controls/ControlRig_Square_1mm.uexp" 404
"../../../Engine/Plugins/Animation/ControlRig/Content/Controls/ControlRig_Sphere_solid.ubulk" 405
"../../../Engine/Plugins/Animation/ControlRig/Content/Controls/ControlRig_Sphere_solid.uasset" 406
"../../../Engine/Plugins/Animation/ControlRig/Content/Controls/ControlRig_Sphere_solid.uexp" 407
"../../../Engine/Plugins/Animation/ControlRig/Content/Controls/ControlRig_Sphere_3mm.ubulk" 408
"../../../Engine/Plugins/Animation/ControlRig/Content/Controls/ControlRig_Sphere_3mm.uasset" 409
"../../../Engine/Plugins/Animation/ControlRig/Content/Controls/ControlRig_Sphere_3mm.uexp" 410
"../../../Engine/Plugins/Animation/ControlRig/Content/Controls/ControlRig_Sphere_1mm.ubulk" 411
"../../../Engine/Plugins/Animation/ControlRig/Content/Controls/ControlRig_Sphere_1mm.uasset" 412
"../../../Engine/Plugins/Animation/ControlRig/Content/Controls/ControlRig_Sphere_1mm.uexp" 413
"../../../Engine/Plugins/Animation/ControlRig/Content/Controls/ControlRig_RoundedTriangle_solid.ubulk" 414
"../../../Engine/Plugins/Animation/ControlRig/Content/Controls/ControlRig_RoundedTriangle_solid.uasset" 415
"../../../Engine/Plugins/Animation/ControlRig/Content/Controls/ControlRig_RoundedTriangle_solid.uexp" 416
"../../../Engine/Plugins/Animation/ControlRig/Content/Controls/ControlRig_RoundedTriangle_3mm.ubulk" 417
"../../../Engine/Plugins/Animation/ControlRig/Content/Controls/ControlRig_RoundedTriangle_3mm.uasset" 418
"../../../Engine/Plugins/Animation/ControlRig/Content/Controls/ControlRig_RoundedTriangle_3mm.uexp" 419
"../../../Engine/Plugins/Animation/ControlRig/Content/Controls/ControlRig_RoundedTriangle_1mm.ubulk" 420
"../../../Engine/Plugins/Animation/ControlRig/Content/Controls/ControlRig_RoundedTriangle_1mm.uasset" 421
"../../../Engine/Plugins/Animation/ControlRig/Content/Controls/ControlRig_RoundedTriangle_1mm.uexp" 422
"../../../Engine/Plugins/Animation/ControlRig/Content/Controls/ControlRig_RoundedSquare_solid.ubulk" 423
"../../../Engine/Plugins/Animation/ControlRig/Content/Controls/ControlRig_RoundedSquare_solid.uasset" 424
"../../../Engine/Plugins/Animation/ControlRig/Content/Controls/ControlRig_RoundedSquare_solid.uexp" 425
"../../../Engine/Plugins/Animation/ControlRig/Content/Controls/ControlRig_RoundedSquare_3mm.ubulk" 426
"../../../Engine/Plugins/Animation/ControlRig/Content/Controls/ControlRig_RoundedSquare_3mm.uasset" 427
"../../../Engine/Plugins/Animation/ControlRig/Content/Controls/ControlRig_RoundedSquare_3mm.uexp" 428
"../../../Engine/Plugins/Animation/ControlRig/Content/Controls/ControlRig_RoundedSquare_1mm.ubulk" 429
"../../../Engine/Plugins/Animation/ControlRig/Content/Controls/ControlRig_RoundedSquare_1mm.uasset" 430
"../../../Engine/Plugins/Animation/ControlRig/Content/Controls/ControlRig_RoundedSquare_1mm.uexp" 431
"../../../Engine/Plugins/Animation/ControlRig/Content/Controls/ControlRig_QuarterCircle_solid.ubulk" 432
"../../../Engine/Plugins/Animation/ControlRig/Content/Controls/ControlRig_QuarterCircle_solid.uasset" 433
"../../../Engine/Plugins/Animation/ControlRig/Content/Controls/ControlRig_QuarterCircle_solid.uexp" 434
"../../../Engine/Plugins/Animation/ControlRig/Content/Controls/ControlRig_QuarterCircle_3mm.ubulk" 435
"../../../Engine/Plugins/Animation/ControlRig/Content/Controls/ControlRig_QuarterCircle_3mm.uasset" 436
"../../../Engine/Plugins/Animation/ControlRig/Content/Controls/ControlRig_QuarterCircle_3mm.uexp" 437
"../../../Engine/Plugins/Animation/ControlRig/Content/Controls/ControlRig_QuarterCircle_1mm.ubulk" 438
"../../../Engine/Plugins/Animation/ControlRig/Content/Controls/ControlRig_QuarterCircle_1mm.uasset" 439
"../../../Engine/Plugins/Animation/ControlRig/Content/Controls/ControlRig_QuarterCircle_1mm.uexp" 440
"../../../Engine/Plugins/Animation/ControlRig/Content/Controls/ControlRig_Pyramid_solid.ubulk" 441
"../../../Engine/Plugins/Animation/ControlRig/Content/Controls/ControlRig_Pyramid_solid.uasset" 442
"../../../Engine/Plugins/Animation/ControlRig/Content/Controls/ControlRig_Pyramid_solid.uexp" 443
"../../../Engine/Plugins/Animation/ControlRig/Content/Controls/ControlRig_Pyramid_3mm.ubulk" 444
"../../../Engine/Plugins/Animation/ControlRig/Content/Controls/ControlRig_Pyramid_3mm.uasset" 445
"../../../Engine/Plugins/Animation/ControlRig/Content/Controls/ControlRig_Pyramid_3mm.uexp" 446
"../../../Engine/Plugins/Animation/ControlRig/Content/Controls/ControlRig_Pyramid_1mm.ubulk" 447
"../../../Engine/Plugins/Animation/ControlRig/Content/Controls/ControlRig_Pyramid_1mm.uasset" 448
"../../../Engine/Plugins/Animation/ControlRig/Content/Controls/ControlRig_Pyramid_1mm.uexp" 449
"../../../Engine/Plugins/Animation/ControlRig/Content/Controls/ControlRig_Octagon_solid.ubulk" 450
"../../../Engine/Plugins/Animation/ControlRig/Content/Controls/ControlRig_Octagon_solid.uasset" 451
"../../../Engine/Plugins/Animation/ControlRig/Content/Controls/ControlRig_Octagon_solid.uexp" 452
"../../../Engine/Plugins/Animation/ControlRig/Content/Controls/ControlRig_Octagon_3mm.ubulk" 453
"../../../Engine/Plugins/Animation/ControlRig/Content/Controls/ControlRig_Octagon_3mm.uasset" 454
"../../../Engine/Plugins/Animation/ControlRig/Content/Controls/ControlRig_Octagon_3mm.uexp" 455
"../../../Engine/Plugins/Animation/ControlRig/Content/Controls/ControlRig_Octagon_1mm.ubulk" 456
"../../../Engine/Plugins/Animation/ControlRig/Content/Controls/ControlRig_Octagon_1mm.uasset" 457
"../../../Engine/Plugins/Animation/ControlRig/Content/Controls/ControlRig_Octagon_1mm.uexp" 458
"../../../Engine/Plugins/Animation/ControlRig/Content/Controls/ControlRig_Hexagon_solid.ubulk" 459
"../../../Engine/Plugins/Animation/ControlRig/Content/Controls/ControlRig_Hexagon_solid.uasset" 460
"../../../Engine/Plugins/Animation/ControlRig/Content/Controls/ControlRig_Hexagon_solid.uexp" 461
"../../../Engine/Plugins/Animation/ControlRig/Content/Controls/ControlRig_Hexagon_3mm.ubulk" 462
"../../../Engine/Plugins/Animation/ControlRig/Content/Controls/ControlRig_Hexagon_3mm.uasset" 463
"../../../Engine/Plugins/Animation/ControlRig/Content/Controls/ControlRig_Hexagon_3mm.uexp" 464
"../../../Engine/Plugins/Animation/ControlRig/Content/Controls/ControlRig_Hexagon_1mm.ubulk" 465
"../../../Engine/Plugins/Animation/ControlRig/Content/Controls/ControlRig_Hexagon_1mm.uasset" 466
"../../../Engine/Plugins/Animation/ControlRig/Content/Controls/ControlRig_Hexagon_1mm.uexp" 467
"../../../Engine/Plugins/Animation/ControlRig/Content/Controls/ControlRig_HalfCircle_solid.ubulk" 468
"../../../Engine/Plugins/Animation/ControlRig/Content/Controls/ControlRig_HalfCircle_solid.uasset" 469
"../../../Engine/Plugins/Animation/ControlRig/Content/Controls/ControlRig_HalfCircle_solid.uexp" 470
"../../../Engine/Plugins/Animation/ControlRig/Content/Controls/ControlRig_HalfCircle_3mm.ubulk" 471
"../../../Engine/Plugins/Animation/ControlRig/Content/Controls/ControlRig_HalfCircle_3mm.uasset" 472
"../../../Engine/Plugins/Animation/ControlRig/Content/Controls/ControlRig_HalfCircle_3mm.uexp" 473
"../../../Engine/Plugins/Animation/ControlRig/Content/Controls/ControlRig_HalfCircle_1mm.ubulk" 474
"../../../Engine/Plugins/Animation/ControlRig/Content/Controls/ControlRig_HalfCircle_1mm.uasset" 475
"../../../Engine/Plugins/Animation/ControlRig/Content/Controls/ControlRig_HalfCircle_1mm.uexp" 476
"../../../Engine/Plugins/Animation/ControlRig/Content/Controls/ControlRig_Diamond_solid.ubulk" 477
"../../../Engine/Plugins/Animation/ControlRig/Content/Controls/ControlRig_Diamond_solid.uasset" 478
"../../../Engine/Plugins/Animation/ControlRig/Content/Controls/ControlRig_Diamond_solid.uexp" 479
"../../../Engine/Plugins/Animation/ControlRig/Content/Controls/ControlRig_Diamond_3mm.ubulk" 480
"../../../Engine/Plugins/Animation/ControlRig/Content/Controls/ControlRig_Diamond_3mm.uasset" 481
"../../../Engine/Plugins/Animation/ControlRig/Content/Controls/ControlRig_Diamond_3mm.uexp" 482
"../../../Engine/Plugins/Animation/ControlRig/Content/Controls/ControlRig_Diamond_1mm.ubulk" 483
"../../../Engine/Plugins/Animation/ControlRig/Content/Controls/ControlRig_Diamond_1mm.uasset" 484
"../../../Engine/Plugins/Animation/ControlRig/Content/Controls/ControlRig_Diamond_1mm.uexp" 485
"../../../Engine/Plugins/Animation/ControlRig/Content/Controls/ControlRig_Circle_solid.ubulk" 486
"../../../Engine/Plugins/Animation/ControlRig/Content/Controls/ControlRig_Circle_solid.uasset" 487
"../../../Engine/Plugins/Animation/ControlRig/Content/Controls/ControlRig_Circle_solid.uexp" 488
"../../../Engine/Plugins/Animation/ControlRig/Content/Controls/ControlRig_Circle_3mm.ubulk" 489
"../../../Engine/Plugins/Animation/ControlRig/Content/Controls/ControlRig_Circle_3mm.uasset" 490
"../../../Engine/Plugins/Animation/ControlRig/Content/Controls/ControlRig_Circle_3mm.uexp" 491
"../../../Engine/Plugins/Animation/ControlRig/Content/Controls/ControlRig_Circle_1mm.ubulk" 492
"../../../Engine/Plugins/Animation/ControlRig/Content/Controls/ControlRig_Circle_1mm.uasset" 493
"../../../Engine/Plugins/Animation/ControlRig/Content/Controls/ControlRig_Circle_1mm.uexp" 494
"../../../Engine/Plugins/Animation/ControlRig/Content/Controls/ControlRig_Box_solid.ubulk" 495
"../../../Engine/Plugins/Animation/ControlRig/Content/Controls/ControlRig_Box_solid.uasset" 496
"../../../Engine/Plugins/Animation/ControlRig/Content/Controls/ControlRig_Box_solid.uexp" 497
"../../../Engine/Plugins/Animation/ControlRig/Content/Controls/ControlRig_Box_3mm.ubulk" 498
"../../../Engine/Plugins/Animation/ControlRig/Content/Controls/ControlRig_Box_3mm.uasset" 499
"../../../Engine/Plugins/Animation/ControlRig/Content/Controls/ControlRig_Box_3mm.uexp" 500
"../../../Engine/Plugins/Animation/ControlRig/Content/Controls/ControlRig_Box_1mm.ubulk" 501
"../../../Engine/Plugins/Animation/ControlRig/Content/Controls/ControlRig_Box_1mm.uasset" 502
"../../../Engine/Plugins/Animation/ControlRig/Content/Controls/ControlRig_Box_1mm.uexp" 503
"../../../Engine/Plugins/Animation/ControlRig/Content/Controls/ControlRig_Arrow_solid.ubulk" 504
"../../../Engine/Plugins/Animation/ControlRig/Content/Controls/ControlRig_Arrow_solid.uasset" 505
"../../../Engine/Plugins/Animation/ControlRig/Content/Controls/ControlRig_Arrow_solid.uexp" 506
"../../../Engine/Plugins/Animation/ControlRig/Content/Controls/ControlRig_Arrow_3mm.ubulk" 507
"../../../Engine/Plugins/Animation/ControlRig/Content/Controls/ControlRig_Arrow_3mm.uasset" 508
"../../../Engine/Plugins/Animation/ControlRig/Content/Controls/ControlRig_Arrow_3mm.uexp" 509
"../../../Engine/Plugins/Animation/ControlRig/Content/Controls/ControlRig_Arrow_1mm.ubulk" 510
"../../../Engine/Plugins/Animation/ControlRig/Content/Controls/ControlRig_Arrow_1mm.uasset" 511
"../../../Engine/Plugins/Animation/ControlRig/Content/Controls/ControlRig_Arrow_1mm.uexp" 512
"../../../Engine/Plugins/Animation/ControlRig/Content/Controls/ControlRig_Arrow4_solid.ubulk" 513
"../../../Engine/Plugins/Animation/ControlRig/Content/Controls/ControlRig_Arrow4_solid.uasset" 514
"../../../Engine/Plugins/Animation/ControlRig/Content/Controls/ControlRig_Arrow4_solid.uexp" 515
"../../../Engine/Plugins/Animation/ControlRig/Content/Controls/ControlRig_Arrow4_3mm.ubulk" 516
"../../../Engine/Plugins/Animation/ControlRig/Content/Controls/ControlRig_Arrow4_3mm.uasset" 517
"../../../Engine/Plugins/Animation/ControlRig/Content/Controls/ControlRig_Arrow4_3mm.uexp" 518
"../../../Engine/Plugins/Animation/ControlRig/Content/Controls/ControlRig_Arrow4_1mm.ubulk" 519
"../../../Engine/Plugins/Animation/ControlRig/Content/Controls/ControlRig_Arrow4_1mm.uasset" 520
"../../../Engine/Plugins/Animation/ControlRig/Content/Controls/ControlRig_Arrow4_1mm.uexp" 521
"../../../Engine/Plugins/Animation/ControlRig/Content/Controls/ControlRig_Arrow2_solid.ubulk" 522
"../../../Engine/Plugins/Animation/ControlRig/Content/Controls/ControlRig_Arrow2_solid.uasset" 523
"../../../Engine/Plugins/Animation/ControlRig/Content/Controls/ControlRig_Arrow2_solid.uexp" 524
"../../../Engine/Plugins/Animation/ControlRig/Content/Controls/ControlRig_Arrow2_3mm.ubulk" 525
"../../../Engine/Plugins/Animation/ControlRig/Content/Controls/ControlRig_Arrow2_3mm.uasset" 526
"../../../Engine/Plugins/Animation/ControlRig/Content/Controls/ControlRig_Arrow2_3mm.uexp" 527
"../../../Engine/Plugins/Animation/ControlRig/Content/Controls/ControlRig_Arrow2_1mm.ubulk" 528
"../../../Engine/Plugins/Animation/ControlRig/Content/Controls/ControlRig_Arrow2_1mm.uasset" 529
"../../../Engine/Plugins/Animation/ControlRig/Content/Controls/ControlRig_Arrow2_1mm.uexp" 530
"../../../Engine/Plugins/Animation/ControlRig/Content/Controls/ControlRigXRayMaterial.uasset" 531
"../../../Engine/Plugins/Animation/ControlRig/Content/Controls/ControlRigXRayMaterial.uexp" 532
"../../../Engine/Plugins/Animation/ControlRig/Content/Controls/ControlRigGizmoMaterial.uasset" 533
"../../../Engine/Plugins/Animation/ControlRig/Content/Controls/ControlRigGizmoMaterial.uexp" 534
"../../../Engine/Content/VREditor/TransformGizmo/TranslucentTransformGizmoMaterial.uasset" 535
"../../../Engine/Content/VREditor/TransformGizmo/TranslucentTransformGizmoMaterial.uexp" 536
"../../../Engine/Content/VREditor/TransformGizmo/TranslucentTransformGizmoMaterial_Inst.uasset" 537
"../../../Engine/Content/VREditor/TransformGizmo/TranslucentTransformGizmoMaterial_Inst.uexp" 538
"../../../Engine/Content/VREditor/LaserPointer/VR_LaserPower_01.ubulk" 539
"../../../Engine/Content/VREditor/LaserPointer/VR_LaserPower_01.uasset" 540
"../../../Engine/Content/VREditor/LaserPointer/VR_LaserPower_01.uexp" 541
"../../../Engine/Content/VREditor/TransformGizmo/TransformGizmoMaterial.uasset" 542
"../../../Engine/Content/VREditor/TransformGizmo/TransformGizmoMaterial.uexp" 543
"../../../Engine/Content/VREditor/TransformGizmo/TransformGizmoMaterial_Inst.uasset" 544
"../../../Engine/Content/VREditor/TransformGizmo/TransformGizmoMaterial_Inst.uexp" 545
"../../../Engine/Content/VREditor/Sounds/UI/Drop_Item_From_ContentBrowser.ubulk" 546
"../../../Engine/Content/VREditor/Sounds/UI/Drop_Item_From_ContentBrowser.uasset" 547
"../../../Engine/Content/VREditor/Sounds/UI/Drop_Item_From_ContentBrowser.uexp" 548
"../../../Engine/Content/VREditor/TransformGizmo/UniformScaleHandle.ubulk" 549
"../../../Engine/Content/VREditor/TransformGizmo/UniformScaleHandle.uasset" 550
"../../../Engine/Content/VREditor/TransformGizmo/UniformScaleHandle.uexp" 551
"../../../Engine/Content/VREditor/TransformGizmo/TranslateArrowHandle.ubulk" 552
"../../../Engine/Content/VREditor/TransformGizmo/TranslateArrowHandle.uasset" 553
"../../../Engine/Content/VREditor/TransformGizmo/TranslateArrowHandle.uexp" 554
"../../../Engine/Content/VREditor/TransformGizmo/TransformGizmoFreeRotation.ubulk" 555
"../../../Engine/Content/VREditor/TransformGizmo/TransformGizmoFreeRotation.uasset" 556
"../../../Engine/Content/VREditor/TransformGizmo/TransformGizmoFreeRotation.uexp" 557
"../../../Engine/Content/VREditor/TransformGizmo/StartRotationHandleIndicator.ubulk" 558
"../../../Engine/Content/VREditor/TransformGizmo/StartRotationHandleIndicator.uasset" 559
"../../../Engine/Content/VREditor/TransformGizmo/StartRotationHandleIndicator.uexp" 560
"../../../Engine/Content/VREditor/TransformGizmo/RotationHandleQuarter.ubulk" 561
"../../../Engine/Content/VREditor/TransformGizmo/RotationHandleQuarter.uasset" 562
"../../../Engine/Content/VREditor/TransformGizmo/RotationHandleQuarter.uexp" 563
"../../../Engine/Content/VREditor/TransformGizmo/RotationHandleIndicator.ubulk" 564
"../../../Engine/Content/VREditor/TransformGizmo/RotationHandleIndicator.uasset" 565
"../../../Engine/Content/VREditor/TransformGizmo/RotationHandleIndicator.uexp" 566
"../../../Engine/Content/VREditor/TransformGizmo/RotationHandleFull.ubulk" 567
"../../../Engine/Content/VREditor/TransformGizmo/RotationHandleFull.uasset" 568
"../../../Engine/Content/VREditor/TransformGizmo/RotationHandleFull.uexp" 569
"../../../Engine/Content/VREditor/TransformGizmo/PlaneTranslationHandle.ubulk" 570
"../../../Engine/Content/VREditor/TransformGizmo/PlaneTranslationHandle.uasset" 571
"../../../Engine/Content/VREditor/TransformGizmo/PlaneTranslationHandle.uexp" 572
"../../../Engine/Content/Functions/Engine_MaterialFunctions02/Math/Transform3x3Matrix.uasset" 573
"../../../Engine/Content/Functions/Engine_MaterialFunctions02/Math/Transform3x3Matrix.uexp" 574
"../../../Engine/Content/Functions/Engine_MaterialFunctions02/SplitComponents.uasset" 575
"../../../Engine/Content/Functions/Engine_MaterialFunctions02/SplitComponents.uexp" 576
"../../../Engine/Content/VREditor/SnapGrid/SnapGridMaterial.uasset" 577
"../../../Engine/Content/VREditor/SnapGrid/SnapGridMaterial.uexp" 578
"../../../Engine/Content/VREditor/SnapGrid/SnapGridPlaneMesh.ubulk" 579
"../../../Engine/Content/VREditor/SnapGrid/SnapGridPlaneMesh.uasset" 580
"../../../Engine/Content/VREditor/SnapGrid/SnapGridPlaneMesh.uexp" 581
"../../../Engine/Content/VREditor/Sounds/UI/Gizmo_Handle_Clicked.ubulk" 582
"../../../Engine/Content/VREditor/Sounds/UI/Gizmo_Handle_Clicked.uasset" 583
"../../../Engine/Content/VREditor/Sounds/UI/Gizmo_Handle_Clicked.uexp" 584
"../../../Engine/Content/VREditor/Sounds/UI/Object_PickUp.ubulk" 585
"../../../Engine/Content/VREditor/Sounds/UI/Object_PickUp.uasset" 586
"../../../Engine/Content/VREditor/Sounds/UI/Object_PickUp.uexp" 587
"../../../Engine/Content/VREditor/Sounds/UI/Object_Snaps_To_Another_Actor.ubulk" 588
"../../../Engine/Content/VREditor/Sounds/UI/Object_Snaps_To_Another_Actor.uasset" 589
"../../../Engine/Content/VREditor/Sounds/UI/Object_Snaps_To_Another_Actor.uexp" 590
"../../../Engine/Content/VREditor/Sounds/UI/Object_Snaps_To_Grid.ubulk" 591
"../../../Engine/Content/VREditor/Sounds/UI/Object_Snaps_To_Grid.uasset" 592
"../../../Engine/Content/VREditor/Sounds/UI/Object_Snaps_To_Grid.uexp" 593
"../../../Engine/Content/VREditor/Sounds/UI/Scaling_Down.ubulk" 594
"../../../Engine/Content/VREditor/Sounds/UI/Scaling_Down.uasset" 595
"../../../Engine/Content/VREditor/Sounds/UI/Scaling_Down.uexp" 596
"../../../Engine/Content/VREditor/Sounds/UI/Scaling_Up.ubulk" 597
"../../../Engine/Content/VREditor/Sounds/UI/Scaling_Up.uasset" 598
"../../../Engine/Content/VREditor/Sounds/UI/Scaling_Up.uexp" 599
"../../../Engine/Content/VREditor/Sounds/UI/Selection_Changes.ubulk" 600
"../../../Engine/Content/VREditor/Sounds/UI/Selection_Changes.uasset" 601
"../../../Engine/Content/VREditor/Sounds/UI/Selection_Changes.uexp" 602
"../../../Engine/Content/EngineResources/LandscapeVisibilityLayerInfo.uasset" 603
"../../../Engine/Content/EngineResources/LandscapeVisibilityLayerInfo.uexp" 604
"../../../Engine/Content/EngineResources/WhiteSquareTexture.uasset" 605
"../../../Engine/Content/EngineResources/WhiteSquareTexture.uexp" 606
"../../../Engine/Content/EngineMaterials/Widget3DPassThrough.uasset" 607
"../../../Engine/Content/EngineMaterials/Widget3DPassThrough.uexp" 608
"../../../Engine/Content/EngineMaterials/Widget3DPassThrough_Translucent.uasset" 609
"../../../Engine/Content/EngineMaterials/Widget3DPassThrough_Translucent.uexp" 610
"../../../Engine/Content/EngineMaterials/Widget3DPassThrough_Translucent_OneSided.uasset" 611
"../../../Engine/Content/EngineMaterials/Widget3DPassThrough_Translucent_OneSided.uexp" 612
"../../../Engine/Content/EngineMaterials/Widget3DPassThrough_Opaque.uasset" 613
"../../../Engine/Content/EngineMaterials/Widget3DPassThrough_Opaque.uexp" 614
"../../../Engine/Content/EngineMaterials/Widget3DPassThrough_Opaque_OneSided.uasset" 615
"../../../Engine/Content/EngineMaterials/Widget3DPassThrough_Opaque_OneSided.uexp" 616
"../../../Engine/Content/EngineMaterials/Widget3DPassThrough_Masked_OneSided.uasset" 617
"../../../Engine/Content/EngineMaterials/Widget3DPassThrough_Masked_OneSided.uexp" 618
"../../../Engine/Content/EngineMaterials/Widget3DPassThrough_Masked.uasset" 619
"../../../Engine/Content/EngineMaterials/Widget3DPassThrough_Masked.uexp" 620
"../../../Engine/Content/EngineMaterials/WeightMapPlaceholderTexture.uasset" 621
"../../../Engine/Content/EngineMaterials/WeightMapPlaceholderTexture.uexp" 622
"../../../Engine/Content/EngineMaterials/WeightMapArrayPlaceholderTexture.uasset" 623
"../../../Engine/Content/EngineMaterials/WeightMapArrayPlaceholderTexture.uexp" 624
"../../../Engine/Content/EngineMaterials/RemoveSurfaceMaterial.uasset" 625
"../../../Engine/Content/EngineMaterials/RemoveSurfaceMaterial.uexp" 626
"../../../Engine/Content/EngineMaterials/PreintegratedSkinBRDF.uasset" 627
"../../../Engine/Content/EngineMaterials/PreintegratedSkinBRDF.uexp" 628
"../../../Engine/Content/EngineMaterials/DefaultCalibrationGrayscale.uasset" 629
"../../../Engine/Content/EngineMaterials/DefaultCalibrationGrayscale.uexp" 630
"../../../Engine/Content/EngineMaterials/PPM_DefaultCalibrationGrayscale.uasset" 631
"../../../Engine/Content/EngineMaterials/PPM_DefaultCalibrationGrayscale.uexp" 632
"../../../Engine/Content/EngineMaterials/DefaultCalibrationColor.uasset" 633
"../../../Engine/Content/EngineMaterials/DefaultCalibrationColor.uexp" 634
"../../../Engine/Content/EngineMaterials/PPM_DefaultCalibrationColor.uasset" 635
"../../../Engine/Content/EngineMaterials/PPM_DefaultCalibrationColor.uexp" 636
"../../../Engine/Content/EngineMaterials/PhAT_JointLimitMaterial.uasset" 637
"../../../Engine/Content/EngineMaterials/PhAT_JointLimitMaterial.uexp" 638
"../../../Engine/Content/EngineMaterials/NaniteHiddenSectionMaterial.uasset" 639
"../../../Engine/Content/EngineMaterials/NaniteHiddenSectionMaterial.uexp" 640
"../../../Engine/Content/EngineMaterials/InvalidLightmapSettings.ubulk" 641
"../../../Engine/Content/EngineMaterials/InvalidLightmapSettings.uasset" 642
"../../../Engine/Content/EngineMaterials/InvalidLightmapSettings.uexp" 643
"../../../Engine/Content/EngineMaterials/M_InvalidLightmapSettings.uasset" 644
"../../../Engine/Content/EngineMaterials/M_InvalidLightmapSettings.uexp" 645
"../../../Engine/Content/EngineMaterials/MiniFont.uasset" 646
"../../../Engine/Content/EngineMaterials/MiniFont.uexp" 647
"../../../Engine/Content/EngineMaterials/GizmoMaterial.uasset" 648
"../../../Engine/Content/EngineMaterials/GizmoMaterial.uexp" 649
"../../../Engine/Content/EngineMaterials/BaseFlattenDiffuseMap_VT.ubulk" 650
"../../../Engine/Content/EngineMaterials/BaseFlattenDiffuseMap_VT.uasset" 651
"../../../Engine/Content/EngineMaterials/BaseFlattenDiffuseMap_VT.uexp" 652
"../../../Engine/Content/EngineMaterials/BaseFlattenEmissiveMap_VT.ubulk" 653
"../../../Engine/Content/EngineMaterials/BaseFlattenEmissiveMap_VT.uasset" 654
"../../../Engine/Content/EngineMaterials/BaseFlattenEmissiveMap_VT.uexp" 655
"../../../Engine/Content/EngineMaterials/BaseFlattenGrayscaleMap_VT.ubulk" 656
"../../../Engine/Content/EngineMaterials/BaseFlattenGrayscaleMap_VT.uasset" 657
"../../../Engine/Content/EngineMaterials/BaseFlattenGrayscaleMap_VT.uexp" 658
"../../../Engine/Content/EngineMaterials/BaseFlattenLinearColor_VT.ubulk" 659
"../../../Engine/Content/EngineMaterials/BaseFlattenLinearColor_VT.uasset" 660
"../../../Engine/Content/EngineMaterials/BaseFlattenLinearColor_VT.uexp" 661
"../../../Engine/Content/EngineMaterials/BaseFlattenNormalMap_VT.ubulk" 662
"../../../Engine/Content/EngineMaterials/BaseFlattenNormalMap_VT.uasset" 663
"../../../Engine/Content/EngineMaterials/BaseFlattenNormalMap_VT.uexp" 664
"../../../Engine/Content/EngineMaterials/Black_1x1_EXR_Texture_VT.ubulk" 665
"../../../Engine/Content/EngineMaterials/Black_1x1_EXR_Texture_VT.uasset" 666
"../../../Engine/Content/EngineMaterials/Black_1x1_EXR_Texture_VT.uexp" 667
"../../../Engine/Content/EngineMaterials/FlattenMaterial_WS_Normal_VT.uasset" 668
"../../../Engine/Content/EngineMaterials/FlattenMaterial_WS_Normal_VT.uexp" 669
"../../../Engine/Content/EngineMaterials/FlattenMaterial_VT.uasset" 670
"../../../Engine/Content/EngineMaterials/FlattenMaterial_VT.uexp" 671
"../../../Engine/Content/EngineMaterials/BaseFlattenLinearColor.uasset" 672
"../../../Engine/Content/EngineMaterials/BaseFlattenLinearColor.uexp" 673
"../../../Engine/Content/EngineMaterials/BaseFlattenNormalMap.uasset" 674
"../../../Engine/Content/EngineMaterials/BaseFlattenNormalMap.uexp" 675
"../../../Engine/Content/Functions/Engine_MaterialFunctions02/PivotPainter2/Black_1x1_EXR_Texture.uasset" 676
"../../../Engine/Content/Functions/Engine_MaterialFunctions02/PivotPainter2/Black_1x1_EXR_Texture.uexp" 677
"../../../Engine/Content/EngineMaterials/BaseFlattenDiffuseMap.uasset" 678
"../../../Engine/Content/EngineMaterials/BaseFlattenDiffuseMap.uexp" 679
"../../../Engine/Content/EngineMaterials/BaseFlattenEmissiveMap.uasset" 680
"../../../Engine/Content/EngineMaterials/BaseFlattenEmissiveMap.uexp" 681
"../../../Engine/Content/EngineMaterials/BaseFlattenGrayscaleMap.uasset" 682
"../../../Engine/Content/EngineMaterials/BaseFlattenGrayscaleMap.uexp" 683
"../../../Engine/Content/EngineMaterials/FlattenMaterial.uasset" 684
"../../../Engine/Content/EngineMaterials/FlattenMaterial.uexp" 685
"../../../Engine/Content/EngineMaterials/FastBlueNoise_vec2_128x128x64.uasset" 686
"../../../Engine/Content/EngineMaterials/FastBlueNoise_vec2_128x128x64.uexp" 687
"../../../Engine/Content/EngineMaterials/FastBlueNoise_scalar_128x128x8.uasset" 688
"../../../Engine/Content/EngineMaterials/FastBlueNoise_scalar_128x128x8.uexp" 689
"../../../Engine/Content/EngineMaterials/FastBlueNoise_scalar_128x128x64.uasset" 690
"../../../Engine/Content/EngineMaterials/FastBlueNoise_scalar_128x128x64.uexp" 691
"../../../Engine/Content/EngineMaterials/DefaultWhiteGrid_Low.uasset" 692
"../../../Engine/Content/EngineMaterials/DefaultWhiteGrid_Low.uexp" 693
"../../../Engine/Content/EngineMaterials/EmissiveMeshMaterial.uasset" 694
"../../../Engine/Content/EngineMaterials/EmissiveMeshMaterial.uexp" 695
"../../../Engine/Content/EngineMaterials/DefaultWhiteGrid.ubulk" 696
"../../../Engine/Content/EngineMaterials/DefaultWhiteGrid.uasset" 697
"../../../Engine/Content/EngineMaterials/DefaultWhiteGrid.uexp" 698
"../../../Engine/Content/EngineFonts/RobotoDistanceField.uasset" 699
"../../../Engine/Content/EngineFonts/RobotoDistanceField.uexp" 700
"../../../Engine/Content/EngineMaterials/DefaultTextMaterialOpaque.uasset" 701
"../../../Engine/Content/EngineMaterials/DefaultTextMaterialOpaque.uexp" 702
"../../../Engine/Content/EngineMaterials/DefaultPostProcessMaterial.uasset" 703
"../../../Engine/Content/EngineMaterials/DefaultPostProcessMaterial.uexp" 704
"../../../Engine/Content/EngineMaterials/DefaultLightFunctionMaterial.uasset" 705
"../../../Engine/Content/EngineMaterials/DefaultLightFunctionMaterial.uexp" 706
"../../../Engine/Content/EngineMaterials/DefaultDeferredDecalMaterial.uasset" 707
"../../../Engine/Content/EngineMaterials/DefaultDeferredDecalMaterial.uexp" 708
"../../../Engine/Content/EngineMaterials/DefaultBokeh.uasset" 709
"../../../Engine/Content/EngineMaterials/DefaultBokeh.uexp" 710
"../../../Engine/Content/EngineMaterials/DefaultBloomKernel.uasset" 711
"../../../Engine/Content/EngineMaterials/DefaultBloomKernel.uexp" 712
"../../../Engine/Plugins/VirtualProduction/CameraCalibrationCore/Content/Materials/M_DefaultOddSquare.uasset" 713
"../../../Engine/Plugins/VirtualProduction/CameraCalibrationCore/Content/Materials/M_DefaultOddSquare.uexp" 714
"../../../Engine/Plugins/VirtualProduction/CameraCalibrationCore/Content/Materials/M_DefaultEvenSquare.uasset" 715
"../../../Engine/Plugins/VirtualProduction/CameraCalibrationCore/Content/Materials/M_DefaultEvenSquare.uexp" 716
"../../../Engine/Content/EditorMaterials/ParticleSystems/PSysThumbnail_OOD.ubulk" 717
"../../../Engine/Content/EditorMaterials/ParticleSystems/PSysThumbnail_OOD.uasset" 718
"../../../Engine/Content/EditorMaterials/ParticleSystems/PSysThumbnail_OOD.uexp" 719
"../../../Engine/Content/EditorMaterials/ParticleSystems/PSysThumbnail_NoImage.ubulk" 720
"../../../Engine/Content/EditorMaterials/ParticleSystems/PSysThumbnail_NoImage.uasset" 721
"../../../Engine/Content/EditorMaterials/ParticleSystems/PSysThumbnail_NoImage.uexp" 722
"../../../Engine/Content/EditorMaterials/Dataflow/DataflowVertexMaterial.uasset" 723
"../../../Engine/Content/EditorMaterials/Dataflow/DataflowVertexMaterial.uexp" 724
"../../../Engine/Content/EditorMaterials/Dataflow/DataflowTwoSidedVertexMaterial.uasset" 725
"../../../Engine/Content/EditorMaterials/Dataflow/DataflowTwoSidedVertexMaterial.uexp" 726
"../../../Engine/Content/EngineResources/FilmGrains/Marcie_Grain_v3_128_M2_000.uasset" 727
"../../../Engine/Content/EngineResources/FilmGrains/Marcie_Grain_v3_128_M2_000.uexp" 728
"../../../Engine/Content/EngineResources/Development/ZenLogo_64.uasset" 729
"../../../Engine/Content/EngineResources/Development/ZenLogo_64.uexp" 730
"../../../Engine/Content/EngineMaterials/LTC/Sheen_LTC.uasset" 731
"../../../Engine/Content/EngineMaterials/LTC/Sheen_LTC.uexp" 732
"../../../Engine/Content/EngineMaterials/LTC/GGX_LTCMat.uasset" 733
"../../../Engine/Content/EngineMaterials/LTC/GGX_LTCMat.uexp" 734
"../../../Engine/Content/EngineMaterials/LTC/GGX_LTCAmp.uasset" 735
"../../../Engine/Content/EngineMaterials/LTC/GGX_LTCAmp.uexp" 736
"../../../Engine/Content/EngineMaterials/EnergyConservation/Sheen_Energy.uasset" 737
"../../../Engine/Content/EngineMaterials/EnergyConservation/Sheen_Energy.uexp" 738
"../../../Engine/Content/EngineMaterials/EnergyConservation/SheenLegacy_Energy.uasset" 739
"../../../Engine/Content/EngineMaterials/EnergyConservation/SheenLegacy_Energy.uexp" 740
"../../../Engine/Content/EngineMaterials/EnergyConservation/GGX_TransmissionEnergyArray.uasset" 741
"../../../Engine/Content/EngineMaterials/EnergyConservation/GGX_TransmissionEnergyArray.uexp" 742
"../../../Engine/Content/EngineMaterials/EnergyConservation/GGX_ReflectionEnergy.uasset" 743
"../../../Engine/Content/EngineMaterials/EnergyConservation/GGX_ReflectionEnergy.uexp" 744
"../../../Engine/Content/EngineMaterials/EnergyConservation/Diffuse_Energy.uasset" 745
"../../../Engine/Content/EngineMaterials/EnergyConservation/Diffuse_Energy.uexp" 746
"../../../Engine/Content/EditorResources/SequenceRecorder/RecordingIndicator.uasset" 747
"../../../Engine/Content/EditorResources/SequenceRecorder/RecordingIndicator.uexp" 748
"../../../Engine/Content/EditorResources/SequenceRecorder/Countdown.uasset" 749
"../../../Engine/Content/EditorResources/SequenceRecorder/Countdown.uexp" 750
"../../../Engine/Content/VREditor/TransformGizmo/BoundingBoxEdge.ubulk" 751
"../../../Engine/Content/VREditor/TransformGizmo/BoundingBoxEdge.uasset" 752
"../../../Engine/Content/VREditor/TransformGizmo/BoundingBoxEdge.uexp" 753
"../../../Engine/Content/VREditor/TransformGizmo/BoundingBoxCorner.ubulk" 754
"../../../Engine/Content/VREditor/TransformGizmo/BoundingBoxCorner.uasset" 755
"../../../Engine/Content/VREditor/TransformGizmo/BoundingBoxCorner.uexp" 756
"C:/Users/david/OneDrive/Documents/Unreal Projects/Chinatown/Content/LevelPrototyping/Textures/T_GridChecker_A.ubulk" 757
"C:/Users/david/OneDrive/Documents/Unreal Projects/Chinatown/Content/LevelPrototyping/Textures/T_GridChecker_A.uasset" 758
"C:/Users/david/OneDrive/Documents/Unreal Projects/Chinatown/Content/LevelPrototyping/Textures/T_GridChecker_A.uexp" 759
"../../../Engine/Content/Functions/Engine_MaterialFunctions01/Gradient/LinearGradient.uasset" 760
"../../../Engine/Content/Functions/Engine_MaterialFunctions01/Gradient/LinearGradient.uexp" 761
"../../../Engine/Content/Functions/Engine_MaterialFunctions01/ImageAdjustment/CheapContrast.uasset" 762
"../../../Engine/Content/Functions/Engine_MaterialFunctions01/ImageAdjustment/CheapContrast.uexp" 763
"C:/Users/david/OneDrive/Documents/Unreal Projects/Chinatown/Content/LevelPrototyping/Materials/MF_ProcGrid.uasset" 764
"C:/Users/david/OneDrive/Documents/Unreal Projects/Chinatown/Content/LevelPrototyping/Materials/MF_ProcGrid.uexp" 765
"C:/Users/david/OneDrive/Documents/Unreal Projects/Chinatown/Content/LevelPrototyping/Materials/M_PrototypeGrid.uasset" 766
"C:/Users/david/OneDrive/Documents/Unreal Projects/Chinatown/Content/LevelPrototyping/Materials/M_PrototypeGrid.uexp" 767
"C:/Users/david/OneDrive/Documents/Unreal Projects/Chinatown/Content/LevelPrototyping/Materials/MI_PrototypeGrid_Gray.uasset" 768
"C:/Users/david/OneDrive/Documents/Unreal Projects/Chinatown/Content/LevelPrototyping/Materials/MI_PrototypeGrid_Gray.uexp" 769
"../../../Engine/Plugins/Interchange/Assets/Content/gltf/Textures/T_White_srgb.uasset" 770
"../../../Engine/Plugins/Interchange/Assets/Content/gltf/Textures/T_White_srgb.uexp" 771
"../../../Engine/Plugins/Interchange/Assets/Content/gltf/MaterialFunctions/MF_BaseColor.uasset" 772
"../../../Engine/Plugins/Interchange/Assets/Content/gltf/MaterialFunctions/MF_BaseColor.uexp" 773
"../../../Engine/Plugins/Interchange/Assets/Content/gltf/MaterialFunctions/MF_RotateV2.uasset" 774
"../../../Engine/Plugins/Interchange/Assets/Content/gltf/MaterialFunctions/MF_RotateV2.uexp" 775
"../../../Engine/Plugins/Interchange/Assets/Content/gltf/MaterialFunctions/MF_TransformUVs.uasset" 776
"../../../Engine/Plugins/Interchange/Assets/Content/gltf/MaterialFunctions/MF_TransformUVs.uexp" 777
"../../../Engine/Plugins/Interchange/Assets/Content/gltf/MaterialBodies/MF_Unlit_Body.uasset" 778
"../../../Engine/Plugins/Interchange/Assets/Content/gltf/MaterialBodies/MF_Unlit_Body.uexp" 779
"../../../Engine/Plugins/Interchange/Assets/Content/gltf/M_Unlit.uasset" 780
"../../../Engine/Plugins/Interchange/Assets/Content/gltf/M_Unlit.uexp" 781
"../../../Engine/Plugins/Interchange/Assets/Content/gltf/MaterialInstances/MI_Unlit_Opaque_DS.uasset" 782
"../../../Engine/Plugins/Interchange/Assets/Content/gltf/MaterialInstances/MI_Unlit_Opaque_DS.uexp" 783
"../../../Engine/Plugins/Interchange/Assets/Content/gltf/MaterialInstances/MI_Unlit_Opaque.uasset" 784
"../../../Engine/Plugins/Interchange/Assets/Content/gltf/MaterialInstances/MI_Unlit_Opaque.uexp" 785
"../../../Engine/Plugins/Interchange/Assets/Content/gltf/MaterialInstances/MI_Unlit_Mask_DS.uasset" 786
"../../../Engine/Plugins/Interchange/Assets/Content/gltf/MaterialInstances/MI_Unlit_Mask_DS.uexp" 787
"../../../Engine/Plugins/Interchange/Assets/Content/gltf/MaterialInstances/MI_Unlit_Mask.uasset" 788
"../../../Engine/Plugins/Interchange/Assets/Content/gltf/MaterialInstances/MI_Unlit_Mask.uexp" 789
"../../../Engine/Plugins/Interchange/Assets/Content/gltf/MaterialInstances/MI_Unlit_Blend_DS.uasset" 790
"../../../Engine/Plugins/Interchange/Assets/Content/gltf/MaterialInstances/MI_Unlit_Blend_DS.uexp" 791
"../../../Engine/Plugins/Interchange/Assets/Content/gltf/MaterialInstances/MI_Unlit_Blend.uasset" 792
"../../../Engine/Plugins/Interchange/Assets/Content/gltf/MaterialInstances/MI_Unlit_Blend.uexp" 793
"../../../Engine/Content/EngineMaterials/Good64x64TilingNoiseHighFreq.uasset" 794
"../../../Engine/Content/EngineMaterials/Good64x64TilingNoiseHighFreq.uexp" 795
"../../../Engine/Content/Functions/Engine_MaterialFunctions02/Texturing/ScreenAlignedPixelToPixelUVs.uasset" 796
"../../../Engine/Content/Functions/Engine_MaterialFunctions02/Texturing/ScreenAlignedPixelToPixelUVs.uexp" 797
"../../../Engine/Plugins/Interchange/Assets/Content/Utilities/New_LUT.uasset" 798
"../../../Engine/Plugins/Interchange/Assets/Content/Utilities/New_LUT.uexp" 799
"../../../Engine/Content/Functions/Engine_MaterialFunctions03/Math/RemapValueRange.uasset" 800
"../../../Engine/Content/Functions/Engine_MaterialFunctions03/Math/RemapValueRange.uexp" 801
"../../../Engine/Plugins/Interchange/Assets/Content/Functions/MF_Iridescence.uasset" 802
"../../../Engine/Plugins/Interchange/Assets/Content/Functions/MF_Iridescence.uexp" 803
"../../../Engine/Plugins/Interchange/Assets/Content/gltf/MaterialFunctions/MF_Fresnel_DS.uasset" 804
"../../../Engine/Plugins/Interchange/Assets/Content/gltf/MaterialFunctions/MF_Fresnel_DS.uexp" 805
"../../../Engine/Plugins/Interchange/Assets/Content/gltf/MaterialFunctions/MF_IOR.uasset" 806
"../../../Engine/Plugins/Interchange/Assets/Content/gltf/MaterialFunctions/MF_IOR.uexp" 807
"../../../Engine/Plugins/Interchange/Assets/Content/gltf/MaterialFunctions/MF_Iridescence.uasset" 808
"../../../Engine/Plugins/Interchange/Assets/Content/gltf/MaterialFunctions/MF_Iridescence.uexp" 809
"../../../Engine/Plugins/Interchange/Assets/Content/gltf/Textures/T_White_Linear.uasset" 810
"../../../Engine/Plugins/Interchange/Assets/Content/gltf/Textures/T_White_Linear.uexp" 811
"../../../Engine/Plugins/Interchange/Assets/Content/gltf/MaterialFunctions/MF_MetallicRoughness.uasset" 812
"../../../Engine/Plugins/Interchange/Assets/Content/gltf/MaterialFunctions/MF_MetallicRoughness.uexp" 813
"../../../Engine/Plugins/Interchange/Assets/Content/gltf/MaterialFunctions/MF_RotateNormals_TS.uasset" 814
"../../../Engine/Plugins/Interchange/Assets/Content/gltf/MaterialFunctions/MF_RotateNormals_TS.uexp" 815
"../../../Engine/Plugins/Interchange/Assets/Content/gltf/MaterialFunctions/MF_ScaleNormal.uasset" 816
"../../../Engine/Plugins/Interchange/Assets/Content/gltf/MaterialFunctions/MF_ScaleNormal.uexp" 817
"../../../Engine/Plugins/Interchange/Assets/Content/gltf/Textures/T_Generic_N.uasset" 818
"../../../Engine/Plugins/Interchange/Assets/Content/gltf/Textures/T_Generic_N.uexp" 819
"../../../Engine/Plugins/Interchange/Assets/Content/gltf/MaterialFunctions/MF_Normals.uasset" 820
"../../../Engine/Plugins/Interchange/Assets/Content/gltf/MaterialFunctions/MF_Normals.uexp" 821
"../../../Engine/Plugins/Interchange/Assets/Content/gltf/MaterialFunctions/MF_Occlusion.uasset" 822
"../../../Engine/Plugins/Interchange/Assets/Content/gltf/MaterialFunctions/MF_Occlusion.uexp" 823
"../../../Engine/Plugins/Interchange/Assets/Content/gltf/MaterialFunctions/MF_Specular.uasset" 824
"../../../Engine/Plugins/Interchange/Assets/Content/gltf/MaterialFunctions/MF_Specular.uexp" 825
"../../../Engine/Plugins/Interchange/Assets/Content/gltf/Textures/T_Anisotropy_Direction_Linear.uasset" 826
"../../../Engine/Plugins/Interchange/Assets/Content/gltf/Textures/T_Anisotropy_Direction_Linear.uexp" 827
"../../../Engine/Plugins/Interchange/Assets/Content/gltf/MaterialFunctions/MF_SpecularAnisotropy.uasset" 828
"../../../Engine/Plugins/Interchange/Assets/Content/gltf/MaterialFunctions/MF_SpecularAnisotropy.uexp" 829
"../../../Engine/Plugins/Interchange/Assets/Content/gltf/MaterialFunctions/MF_Temporal_Blur.uasset" 830
"../../../Engine/Plugins/Interchange/Assets/Content/gltf/MaterialFunctions/MF_Temporal_Blur.uexp" 831
"../../../Engine/Plugins/Interchange/Assets/Content/gltf/MaterialFunctions/MF_Transmission.uasset" 832
"../../../Engine/Plugins/Interchange/Assets/Content/gltf/MaterialFunctions/MF_Transmission.uexp" 833
"../../../Engine/Plugins/Interchange/Assets/Content/gltf/MaterialBodies/MF_Transmission_Body.uasset" 834
"../../../Engine/Plugins/Interchange/Assets/Content/gltf/MaterialBodies/MF_Transmission_Body.uexp" 835
"../../../Engine/Plugins/Interchange/Assets/Content/gltf/M_Transmission.uasset" 836
"../../../Engine/Plugins/Interchange/Assets/Content/gltf/M_Transmission.uexp" 837
"../../../Engine/Plugins/Interchange/Assets/Content/gltf/MaterialInstances/MI_Transmission_DS.uasset" 838
"../../../Engine/Plugins/Interchange/Assets/Content/gltf/MaterialInstances/MI_Transmission_DS.uexp" 839
"../../../Engine/Plugins/Interchange/Assets/Content/gltf/MaterialInstances/MI_Transmission.uasset" 840
"../../../Engine/Plugins/Interchange/Assets/Content/gltf/MaterialInstances/MI_Transmission.uexp" 841
"../../../Engine/Content/Functions/Engine_MaterialFunctions02/Math/AddComponents.uasset" 842
"../../../Engine/Content/Functions/Engine_MaterialFunctions02/Math/AddComponents.uexp" 843
"../../../Engine/Plugins/Interchange/Assets/Content/gltf/MaterialFunctions/MF_DiffuseSpecGloss.uasset" 844
"../../../Engine/Plugins/Interchange/Assets/Content/gltf/MaterialFunctions/MF_DiffuseSpecGloss.uexp" 845
"../../../Engine/Plugins/Interchange/Assets/Content/gltf/MaterialFunctions/MF_Emissive.uasset" 846
"../../../Engine/Plugins/Interchange/Assets/Content/gltf/MaterialFunctions/MF_Emissive.uexp" 847
"../../../Engine/Plugins/Interchange/Assets/Content/gltf/MaterialFunctions/MF_MaxComponentValue.uasset" 848
"../../../Engine/Plugins/Interchange/Assets/Content/gltf/MaterialFunctions/MF_MaxComponentValue.uexp" 849
"../../../Engine/Plugins/Interchange/Assets/Content/gltf/MaterialFunctions/MF_PerceivedBrightness.uasset" 850
"../../../Engine/Plugins/Interchange/Assets/Content/gltf/MaterialFunctions/MF_PerceivedBrightness.uexp" 851
"../../../Engine/Plugins/Interchange/Assets/Content/gltf/MaterialFunctions/MF_SpecGlossToMetalRoughness.uasset" 852
"../../../Engine/Plugins/Interchange/Assets/Content/gltf/MaterialFunctions/MF_SpecGlossToMetalRoughness.uexp" 853
"../../../Engine/Plugins/Interchange/Assets/Content/gltf/MaterialBodies/MF_SpecularGlossiness_Body.uasset" 854
"../../../Engine/Plugins/Interchange/Assets/Content/gltf/MaterialBodies/MF_SpecularGlossiness_Body.uexp" 855
"../../../Engine/Plugins/Interchange/Assets/Content/gltf/M_SpecularGlossiness.uasset" 856
"../../../Engine/Plugins/Interchange/Assets/Content/gltf/M_SpecularGlossiness.uexp" 857
"../../../Engine/Plugins/Interchange/Assets/Content/gltf/MaterialInstances/MI_SpecularGlossiness_Opaque_DS.uasset" 858
"../../../Engine/Plugins/Interchange/Assets/Content/gltf/MaterialInstances/MI_SpecularGlossiness_Opaque_DS.uexp" 859
"../../../Engine/Plugins/Interchange/Assets/Content/gltf/MaterialInstances/MI_SpecularGlossiness_Opaque.uasset" 860
"../../../Engine/Plugins/Interchange/Assets/Content/gltf/MaterialInstances/MI_SpecularGlossiness_Opaque.uexp" 861
"../../../Engine/Plugins/Interchange/Assets/Content/gltf/MaterialInstances/MI_SpecularGlossiness_Mask_DS.uasset" 862
"../../../Engine/Plugins/Interchange/Assets/Content/gltf/MaterialInstances/MI_SpecularGlossiness_Mask_DS.uexp" 863
"../../../Engine/Plugins/Interchange/Assets/Content/gltf/MaterialInstances/MI_SpecularGlossiness_Mask.uasset" 864
"../../../Engine/Plugins/Interchange/Assets/Content/gltf/MaterialInstances/MI_SpecularGlossiness_Mask.uexp" 865
"../../../Engine/Plugins/Interchange/Assets/Content/gltf/MaterialInstances/MI_SpecularGlossiness_Blend_DS.uasset" 866
"../../../Engine/Plugins/Interchange/Assets/Content/gltf/MaterialInstances/MI_SpecularGlossiness_Blend_DS.uexp" 867
"../../../Engine/Plugins/Interchange/Assets/Content/gltf/MaterialInstances/MI_SpecularGlossiness_Blend.uasset" 868
"../../../Engine/Plugins/Interchange/Assets/Content/gltf/MaterialInstances/MI_SpecularGlossiness_Blend.uexp" 869
"../../../Engine/Plugins/Interchange/Assets/Content/gltf/MaterialFunctions/MF_Sheen.uasset" 870
"../../../Engine/Plugins/Interchange/Assets/Content/gltf/MaterialFunctions/MF_Sheen.uexp" 871
"../../../Engine/Plugins/Interchange/Assets/Content/gltf/MaterialBodies/MF_Sheen_Body.uasset" 872
"../../../Engine/Plugins/Interchange/Assets/Content/gltf/MaterialBodies/MF_Sheen_Body.uexp" 873
"../../../Engine/Plugins/Interchange/Assets/Content/gltf/M_Sheen.uasset" 874
"../../../Engine/Plugins/Interchange/Assets/Content/gltf/M_Sheen.uexp" 875
"../../../Engine/Plugins/Interchange/Assets/Content/gltf/MaterialInstances/MI_Sheen_Opaque_DS.uasset" 876
"../../../Engine/Plugins/Interchange/Assets/Content/gltf/MaterialInstances/MI_Sheen_Opaque_DS.uexp" 877
"../../../Engine/Plugins/Interchange/Assets/Content/gltf/MaterialInstances/MI_Sheen_Opaque.uasset" 878
"../../../Engine/Plugins/Interchange/Assets/Content/gltf/MaterialInstances/MI_Sheen_Opaque.uexp" 879
"../../../Engine/Plugins/Interchange/Assets/Content/gltf/MaterialInstances/MI_Sheen_Mask_DS.uasset" 880
"../../../Engine/Plugins/Interchange/Assets/Content/gltf/MaterialInstances/MI_Sheen_Mask_DS.uexp" 881
"../../../Engine/Plugins/Interchange/Assets/Content/gltf/MaterialInstances/MI_Sheen_Mask.uasset" 882
"../../../Engine/Plugins/Interchange/Assets/Content/gltf/MaterialInstances/MI_Sheen_Mask.uexp" 883
"../../../Engine/Plugins/Interchange/Assets/Content/gltf/MaterialInstances/MI_Sheen_Blend_DS.uasset" 884
"../../../Engine/Plugins/Interchange/Assets/Content/gltf/MaterialInstances/MI_Sheen_Blend_DS.uexp" 885
"../../../Engine/Plugins/Interchange/Assets/Content/gltf/MaterialInstances/MI_Sheen_Blend.uasset" 886
"../../../Engine/Plugins/Interchange/Assets/Content/gltf/MaterialInstances/MI_Sheen_Blend.uexp" 887
"../../../Engine/Plugins/Interchange/Assets/Content/gltf/MaterialBodies/MF_Default_Body.uasset" 888
"../../../Engine/Plugins/Interchange/Assets/Content/gltf/MaterialBodies/MF_Default_Body.uexp" 889
"../../../Engine/Plugins/Interchange/Assets/Content/gltf/M_Default.uasset" 890
"../../../Engine/Plugins/Interchange/Assets/Content/gltf/M_Default.uexp" 891
"../../../Engine/Plugins/Interchange/Assets/Content/gltf/MaterialInstances/MI_Default_Opaque_DS.uasset" 892
"../../../Engine/Plugins/Interchange/Assets/Content/gltf/MaterialInstances/MI_Default_Opaque_DS.uexp" 893
"../../../Engine/Plugins/Interchange/Assets/Content/gltf/MaterialInstances/MI_Default_Opaque.uasset" 894
"../../../Engine/Plugins/Interchange/Assets/Content/gltf/MaterialInstances/MI_Default_Opaque.uexp" 895
"../../../Engine/Plugins/Interchange/Assets/Content/gltf/MaterialInstances/MI_Default_Mask_DS.uasset" 896
"../../../Engine/Plugins/Interchange/Assets/Content/gltf/MaterialInstances/MI_Default_Mask_DS.uexp" 897
"../../../Engine/Plugins/Interchange/Assets/Content/gltf/MaterialInstances/MI_Default_Mask.uasset" 898
"../../../Engine/Plugins/Interchange/Assets/Content/gltf/MaterialInstances/MI_Default_Mask.uexp" 899
"../../../Engine/Plugins/Interchange/Assets/Content/gltf/MaterialInstances/MI_Default_Blend_DS.uasset" 900
"../../../Engine/Plugins/Interchange/Assets/Content/gltf/MaterialInstances/MI_Default_Blend_DS.uexp" 901
"../../../Engine/Plugins/Interchange/Assets/Content/gltf/MaterialInstances/MI_Default_Blend.uasset" 902
"../../../Engine/Plugins/Interchange/Assets/Content/gltf/MaterialInstances/MI_Default_Blend.uexp" 903
"../../../Engine/Content/Functions/Engine_MaterialFunctions01/Texturing/FlattenNormal.uasset" 904
"../../../Engine/Content/Functions/Engine_MaterialFunctions01/Texturing/FlattenNormal.uexp" 905
"../../../Engine/Plugins/Interchange/Assets/Content/gltf/MaterialFunctions/MF_Clearcoat.uasset" 906
"../../../Engine/Plugins/Interchange/Assets/Content/gltf/MaterialFunctions/MF_Clearcoat.uexp" 907
"../../../Engine/Plugins/Interchange/Assets/Content/gltf/MaterialBodies/MF_ClearCoat_Body.uasset" 908
"../../../Engine/Plugins/Interchange/Assets/Content/gltf/MaterialBodies/MF_ClearCoat_Body.uexp" 909
"../../../Engine/Plugins/Interchange/Assets/Content/gltf/M_ClearCoat.uasset" 910
"../../../Engine/Plugins/Interchange/Assets/Content/gltf/M_ClearCoat.uexp" 911
"../../../Engine/Plugins/Interchange/Assets/Content/gltf/MaterialInstances/MI_ClearCoat_Opaque_DS.uasset" 912
"../../../Engine/Plugins/Interchange/Assets/Content/gltf/MaterialInstances/MI_ClearCoat_Opaque_DS.uexp" 913
"../../../Engine/Plugins/Interchange/Assets/Content/gltf/MaterialInstances/MI_ClearCoat_Opaque.uasset" 914
"../../../Engine/Plugins/Interchange/Assets/Content/gltf/MaterialInstances/MI_ClearCoat_Opaque.uexp" 915
"../../../Engine/Plugins/Interchange/Assets/Content/gltf/MaterialInstances/MI_ClearCoat_Mask_DS.uasset" 916
"../../../Engine/Plugins/Interchange/Assets/Content/gltf/MaterialInstances/MI_ClearCoat_Mask_DS.uexp" 917
"../../../Engine/Plugins/Interchange/Assets/Content/gltf/MaterialInstances/MI_ClearCoat_Mask.uasset" 918
"../../../Engine/Plugins/Interchange/Assets/Content/gltf/MaterialInstances/MI_ClearCoat_Mask.uexp" 919
"../../../Engine/Plugins/Interchange/Assets/Content/gltf/MaterialInstances/MI_ClearCoat_Blend_DS.uasset" 920
"../../../Engine/Plugins/Interchange/Assets/Content/gltf/MaterialInstances/MI_ClearCoat_Blend_DS.uexp" 921
"../../../Engine/Plugins/Interchange/Assets/Content/gltf/MaterialInstances/MI_ClearCoat_Blend.uasset" 922
"../../../Engine/Plugins/Interchange/Assets/Content/gltf/MaterialInstances/MI_ClearCoat_Blend.uexp" 923
"../../../Engine/Content/EngineMaterials/Substrate/Volume/SubstrateSimpleVolumeLUT3D.uasset" 924
"../../../Engine/Content/EngineMaterials/Substrate/Volume/SubstrateSimpleVolumeLUT3D.uexp" 925
"../../../Engine/Content/EngineMaterials/Substrate/Volume/SubstrateSimpleVolumeEnvLUT3D.uasset" 926
"../../../Engine/Content/EngineMaterials/Substrate/Volume/SubstrateSimpleVolumeEnvLUT3D.uexp" 927
"../../../Engine/Content/EngineMaterials/Substrate/Glints2/AGlintTex2dArray2.uasset" 928
"../../../Engine/Content/EngineMaterials/Substrate/Glints2/AGlintTex2dArray2.uexp" 929
"../../../Engine/Content/EngineMaterials/Substrate/GLints/AGlintTex2dArray.uasset" 930
"../../../Engine/Content/EngineMaterials/Substrate/GLints/AGlintTex2dArray.uexp" 931
"../../../Engine/Content/ArtTools/RenderToTexture/Meshes/S_1_Unit_Plane.ubulk" 932
"../../../Engine/Content/ArtTools/RenderToTexture/Meshes/S_1_Unit_Plane.uasset" 933
"../../../Engine/Content/ArtTools/RenderToTexture/Meshes/S_1_Unit_Plane.uexp" 934
"../../../Engine/Content/Functions/Engine_MaterialFunctions01/Shading/PowerToRoughness.uasset" 935
"../../../Engine/Content/Functions/Engine_MaterialFunctions01/Shading/PowerToRoughness.uexp" 936
"../../../Engine/Content/Functions/Engine_MaterialFunctions01/Shading/ConvertFromDiffSpec.uasset" 937
"../../../Engine/Content/Functions/Engine_MaterialFunctions01/Shading/ConvertFromDiffSpec.uexp" 938
"../../../Engine/Plugins/Animation/DeformerGraph/Content/DeformerFunctions/DG_Function_LinearBlendSkin_Morph_Cloth.uasset" 939
"../../../Engine/Plugins/Animation/DeformerGraph/Content/DeformerFunctions/DG_Function_LinearBlendSkin_Morph_Cloth.uexp" 940
"../../../Engine/Plugins/Animation/DeformerGraph/Content/Deformers/DG_LinearBlendSkin_Morph_Cloth.uasset" 941
"../../../Engine/Plugins/Animation/DeformerGraph/Content/Deformers/DG_LinearBlendSkin_Morph_Cloth.uexp" 942
"../../../Engine/Plugins/Animation/DeformerGraph/Content/DeformerFunctions/DG_Function_LinearBlendSkin_Morph_Cloth_PositionOnly.uasset" 943
"../../../Engine/Plugins/Animation/DeformerGraph/Content/DeformerFunctions/DG_Function_LinearBlendSkin_Morph_Cloth_PositionOnly.uexp" 944
"../../../Engine/Plugins/Animation/DeformerGraph/Content/DeformerFunctions/DG_Function_ComputeNormalsTangents.uasset" 945
"../../../Engine/Plugins/Animation/DeformerGraph/Content/DeformerFunctions/DG_Function_ComputeNormalsTangents.uexp" 946
"../../../Engine/Plugins/Animation/DeformerGraph/Content/Deformers/DG_LinearBlendSkin_Morph_Cloth_RecomputeNormals.uasset" 947
"../../../Engine/Plugins/Animation/DeformerGraph/Content/Deformers/DG_LinearBlendSkin_Morph_Cloth_RecomputeNormals.uexp" 948
"../../../Engine/Plugins/NNE/NNEDenoiser/Content/NNEDT_Oidn2-3_Balanced.uasset" 949
"../../../Engine/Plugins/NNE/NNEDenoiser/Content/NNEDT_Oidn2-3_Balanced.uexp" 950
"../../../Engine/Plugins/NNE/NNEDenoiser/Content/NNEDT_Oidn2-3_Balanced_Alpha.uasset" 951
"../../../Engine/Plugins/NNE/NNEDenoiser/Content/NNEDT_Oidn2-3_Balanced_Alpha.uexp" 952
"../../../Engine/Plugins/NNE/NNEDenoiser/Content/NNED_Oidn2-3_Balanced.uasset" 953
"../../../Engine/Plugins/NNE/NNEDenoiser/Content/NNED_Oidn2-3_Balanced.uexp" 954
"../../../Engine/Plugins/NNE/NNEDenoiser/Content/NNED_Oidn2-3_Balanced_Alpha.uasset" 955
"../../../Engine/Plugins/NNE/NNEDenoiser/Content/NNED_Oidn2-3_Balanced_Alpha.uexp" 956
"../../../Engine/Plugins/NNE/NNEDenoiser/Content/NNED_Oidn2-3_Fast.uasset" 957
"../../../Engine/Plugins/NNE/NNEDenoiser/Content/NNED_Oidn2-3_Fast.uexp" 958
"../../../Engine/Plugins/NNE/NNEDenoiser/Content/NNED_Oidn2-3_Fast_Alpha.uasset" 959
"../../../Engine/Plugins/NNE/NNEDenoiser/Content/NNED_Oidn2-3_Fast_Alpha.uexp" 960
"../../../Engine/Plugins/NNE/NNEDenoiser/Content/NNED_Oidn2-3_HighQuality.uasset" 961
"../../../Engine/Plugins/NNE/NNEDenoiser/Content/NNED_Oidn2-3_HighQuality.uexp" 962
"../../../Engine/Plugins/NNE/NNEDenoiser/Content/NNED_Oidn2-3_HighQuality_Alpha.uasset" 963
"../../../Engine/Plugins/NNE/NNEDenoiser/Content/NNED_Oidn2-3_HighQuality_Alpha.uexp" 964
"C:/Users/david/OneDrive/Documents/Unreal Projects/Chinatown/Content/GI_Main.uasset" 965
"C:/Users/david/OneDrive/Documents/Unreal Projects/Chinatown/Content/GI_Main.uexp" 966
"C:/Users/david/OneDrive/Documents/Unreal Projects/Chinatown/Content/WBP_MainMenu.uasset" 967
"C:/Users/david/OneDrive/Documents/Unreal Projects/Chinatown/Content/WBP_MainMenu.uexp" 968
"C:/Users/david/OneDrive/Documents/Unreal Projects/Chinatown/Content/BP_LobbyGameState.uasset" 969
"C:/Users/david/OneDrive/Documents/Unreal Projects/Chinatown/Content/BP_LobbyGameState.uexp" 970
"C:/Users/david/OneDrive/Documents/Unreal Projects/Chinatown/Content/BP_LobbyGameMode.uasset" 971
"C:/Users/david/OneDrive/Documents/Unreal Projects/Chinatown/Content/BP_LobbyGameMode.uexp" 972
"../../../Engine/Content/EngineSky/M_SimpleSkyDome.uasset" 973
"../../../Engine/Content/EngineSky/M_SimpleSkyDome.uexp" 974
"../../../Engine/Content/EngineSky/T_Sky_Stars.ubulk" 975
"../../../Engine/Content/EngineSky/T_Sky_Stars.uasset" 976
"../../../Engine/Content/EngineSky/T_Sky_Stars.uexp" 977
"../../../Engine/Content/EngineSky/T_Sky_Clouds_M.ubulk" 978
"../../../Engine/Content/EngineSky/T_Sky_Clouds_M.uasset" 979
"../../../Engine/Content/EngineSky/T_Sky_Clouds_M.uexp" 980
"../../../Engine/Content/EngineSky/T_Sky_Blue.ubulk" 981
"../../../Engine/Content/EngineSky/T_Sky_Blue.uasset" 982
"../../../Engine/Content/EngineSky/T_Sky_Blue.uexp" 983
"../../../Engine/Content/EngineSky/M_Sky_Panning_Clouds2.uasset" 984
"../../../Engine/Content/EngineSky/M_Sky_Panning_Clouds2.uexp" 985
"../../../Engine/Content/EngineSky/SM_SkySphere.ubulk" 986
"../../../Engine/Content/EngineSky/SM_SkySphere.uasset" 987
"../../../Engine/Content/EngineSky/SM_SkySphere.uexp" 988
"../../../Engine/Content/EngineSky/VolumetricClouds/VT_PerlinWorley_Balanced.uasset" 989
"../../../Engine/Content/EngineSky/VolumetricClouds/VT_PerlinWorley_Balanced.uexp" 990
"../../../Engine/Content/EngineSky/VolumetricClouds/T_Profile_08.ubulk" 991
"../../../Engine/Content/EngineSky/VolumetricClouds/T_Profile_08.uasset" 992
"../../../Engine/Content/EngineSky/VolumetricClouds/T_Profile_08.uexp" 993
"../../../Engine/Content/EngineSky/VolumetricClouds/T_CloudPattern.ubulk" 994
"../../../Engine/Content/EngineSky/VolumetricClouds/T_CloudPattern.uasset" 995
"../../../Engine/Content/EngineSky/VolumetricClouds/T_CloudPattern.uexp" 996
"../../../Engine/Content/EngineSky/VolumetricClouds/T_CloudMask.ubulk" 997
"../../../Engine/Content/EngineSky/VolumetricClouds/T_CloudMask.uasset" 998
"../../../Engine/Content/EngineSky/VolumetricClouds/T_CloudMask.uexp" 999
"../../../Engine/Content/Functions/Engine_MaterialFunctions02/Utility/BreakOutFloat4Components.uasset" 1000
"../../../Engine/Content/Functions/Engine_MaterialFunctions02/Utility/BreakOutFloat4Components.uexp" 1001
"../../../Engine/Content/Functions/Engine_MaterialFunctions02/Utility/MakeFloat4.uasset" 1002
"../../../Engine/Content/Functions/Engine_MaterialFunctions02/Utility/MakeFloat4.uexp" 1003
"../../../Engine/Content/Functions/Engine_MaterialFunctions01/Units/Km-to-Cm.uasset" 1004
"../../../Engine/Content/Functions/Engine_MaterialFunctions01/Units/Km-to-Cm.uexp" 1005
"../../../Engine/Content/EngineResources/DefaultVolumeTexture2D.uasset" 1006
"../../../Engine/Content/EngineResources/DefaultVolumeTexture2D.uexp" 1007
"../../../Engine/Content/EngineResources/DefaultVolumeTexture.uasset" 1008
"../../../Engine/Content/EngineResources/DefaultVolumeTexture.uexp" 1009
"../../../Engine/Content/EngineSky/VolumetricClouds/VT_Lightning.uasset" 1010
"../../../Engine/Content/EngineSky/VolumetricClouds/VT_Lightning.uexp" 1011
"../../../Engine/Content/EngineSky/VolumetricClouds/m_SimpleVolumetricCloud.uasset" 1012
"../../../Engine/Content/EngineSky/VolumetricClouds/m_SimpleVolumetricCloud.uexp" 1013
"../../../Engine/Content/EngineSky/VolumetricClouds/m_SimpleVolumetricCloud_Inst.uasset" 1014
"../../../Engine/Content/EngineSky/VolumetricClouds/m_SimpleVolumetricCloud_Inst.uexp" 1015
"../../../Engine/Content/MapTemplates/SM_Template_Map_Floor.ubulk" 1016
"../../../Engine/Content/MapTemplates/SM_Template_Map_Floor.uasset" 1017
"../../../Engine/Content/MapTemplates/SM_Template_Map_Floor.uexp" 1018
"../../../Engine/Content/OpenWorldTemplate/LandscapeMaterial/T_GridChecker_A.ubulk" 1019
"../../../Engine/Content/OpenWorldTemplate/LandscapeMaterial/T_GridChecker_A.uasset" 1020
"../../../Engine/Content/OpenWorldTemplate/LandscapeMaterial/T_GridChecker_A.uexp" 1021
"../../../Engine/Content/OpenWorldTemplate/LandscapeMaterial/MF_ProcGrid.uasset" 1022
"../../../Engine/Content/OpenWorldTemplate/LandscapeMaterial/MF_ProcGrid.uexp" 1023
"../../../Engine/Content/EngineMaterials/BlendFunc_DefBase.uasset" 1024
"../../../Engine/Content/EngineMaterials/BlendFunc_DefBase.uexp" 1025
"../../../Engine/Content/EngineMaterials/BlendFunc_DefBlend.uasset" 1026
"../../../Engine/Content/EngineMaterials/BlendFunc_DefBlend.uexp" 1027
"../../../Engine/Content/Functions/Engine_MaterialFunctions03/Blends/Blend_Overlay.uasset" 1028
"../../../Engine/Content/Functions/Engine_MaterialFunctions03/Blends/Blend_Overlay.uexp" 1029
"../../../Engine/Content/OpenWorldTemplate/LandscapeMaterial/M_ProcGrid.uasset" 1030
"../../../Engine/Content/OpenWorldTemplate/LandscapeMaterial/M_ProcGrid.uexp" 1031
"../../../Engine/Content/OpenWorldTemplate/LandscapeMaterial/MI_ProcGrid.uasset" 1032
"../../../Engine/Content/OpenWorldTemplate/LandscapeMaterial/MI_ProcGrid.uexp" 1033
"C:/Users/david/OneDrive/Documents/Unreal Projects/Chinatown/Content/LobbyLevel.uexp" 1034
"C:/Users/david/OneDrive/Documents/Unreal Projects/Chinatown/Content/LobbyLevel.umap" 1035
"../../../Engine/Content/Maps/Entry_BuiltData.uasset" 1036
"../../../Engine/Content/Maps/Entry_BuiltData.uexp" 1037
"../../../Engine/Content/Maps/Entry.uexp" 1038
"../../../Engine/Content/Maps/Entry.umap" 1039
"C:/Users/david/OneDrive/Documents/Unreal Projects/Chinatown/Content/Card_Template.uasset" 1040
"C:/Users/david/OneDrive/Documents/Unreal Projects/Chinatown/Content/Card_Template.uexp" 1041
"C:/Users/david/OneDrive/Documents/Unreal Projects/Chinatown/Content/WBP_RoundIntermission.uasset" 1042
"C:/Users/david/OneDrive/Documents/Unreal Projects/Chinatown/Content/WBP_RoundIntermission.uexp" 1043
"C:/Users/david/OneDrive/Documents/Unreal Projects/Chinatown/Content/WBP_RoundDisplay.uasset" 1044
"C:/Users/david/OneDrive/Documents/Unreal Projects/Chinatown/Content/WBP_RoundDisplay.uexp" 1045
"C:/Users/david/OneDrive/Documents/Unreal Projects/Chinatown/Content/SA_VOIP.uasset" 1046
"C:/Users/david/OneDrive/Documents/Unreal Projects/Chinatown/Content/SA_VOIP.uexp" 1047
"C:/Users/david/OneDrive/Documents/Unreal Projects/Chinatown/Content/Input/Actions/IA_Look.uasset" 1048
"C:/Users/david/OneDrive/Documents/Unreal Projects/Chinatown/Content/Input/Actions/IA_Look.uexp" 1049
"C:/Users/david/OneDrive/Documents/Unreal Projects/Chinatown/Content/Input/IMC_MouseLook.uasset" 1050
"C:/Users/david/OneDrive/Documents/Unreal Projects/Chinatown/Content/Input/IMC_MouseLook.uexp" 1051
"C:/Users/david/OneDrive/Documents/Unreal Projects/Chinatown/Content/Input/Actions/IA_Jump.uasset" 1052
"C:/Users/david/OneDrive/Documents/Unreal Projects/Chinatown/Content/Input/Actions/IA_Jump.uexp" 1053
"C:/Users/david/OneDrive/Documents/Unreal Projects/Chinatown/Content/Input/Actions/IA_Move.uasset" 1054
"C:/Users/david/OneDrive/Documents/Unreal Projects/Chinatown/Content/Input/Actions/IA_Move.uexp" 1055
"C:/Users/david/OneDrive/Documents/Unreal Projects/Chinatown/Content/Input/IMC_Default.uasset" 1056
"C:/Users/david/OneDrive/Documents/Unreal Projects/Chinatown/Content/Input/IMC_Default.uexp" 1057
"C:/Users/david/OneDrive/Documents/Unreal Projects/Chinatown/Content/Input/Touch/BPI_TouchInterface.uasset" 1058
"C:/Users/david/OneDrive/Documents/Unreal Projects/Chinatown/Content/Input/Touch/BPI_TouchInterface.uexp" 1059
"../../../Engine/Content/MobileResources/HUD/VirtualJoystick_Thumb.uasset" 1060
"../../../Engine/Content/MobileResources/HUD/VirtualJoystick_Thumb.uexp" 1061
"../../../Engine/Content/MobileResources/HUD/VirtualJoystick_Background.uasset" 1062
"../../../Engine/Content/MobileResources/HUD/VirtualJoystick_Background.uexp" 1063
"C:/Users/david/OneDrive/Documents/Unreal Projects/Chinatown/Content/Input/Touch/UI_Thumbstick.uasset" 1064
"C:/Users/david/OneDrive/Documents/Unreal Projects/Chinatown/Content/Input/Touch/UI_Thumbstick.uexp" 1065
"C:/Users/david/OneDrive/Documents/Unreal Projects/Chinatown/Content/Input/Touch/UI_TouchSimple.uasset" 1066
"C:/Users/david/OneDrive/Documents/Unreal Projects/Chinatown/Content/Input/Touch/UI_TouchSimple.uexp" 1067
"C:/Users/david/OneDrive/Documents/Unreal Projects/Chinatown/Content/Characters/Mannequins/Meshes/SK_Mannequin.uasset" 1068
"C:/Users/david/OneDrive/Documents/Unreal Projects/Chinatown/Content/Characters/Mannequins/Meshes/SK_Mannequin.uexp" 1069
"C:/Users/david/OneDrive/Documents/Unreal Projects/Chinatown/Content/Characters/Mannequins/Rigs/PA_Mannequin.uasset" 1070
"C:/Users/david/OneDrive/Documents/Unreal Projects/Chinatown/Content/Characters/Mannequins/Rigs/PA_Mannequin.uexp" 1071
"C:/Users/david/OneDrive/Documents/Unreal Projects/Chinatown/Content/Characters/Mannequins/Textures/Manny/T_Manny_01_BN.ubulk" 1072
"C:/Users/david/OneDrive/Documents/Unreal Projects/Chinatown/Content/Characters/Mannequins/Textures/Manny/T_Manny_01_BN.uasset" 1073
"C:/Users/david/OneDrive/Documents/Unreal Projects/Chinatown/Content/Characters/Mannequins/Textures/Manny/T_Manny_01_BN.uexp" 1074
"C:/Users/david/OneDrive/Documents/Unreal Projects/Chinatown/Content/Characters/Mannequins/Textures/Manny/T_Manny_01_D.ubulk" 1075
"C:/Users/david/OneDrive/Documents/Unreal Projects/Chinatown/Content/Characters/Mannequins/Textures/Manny/T_Manny_01_D.uasset" 1076
"C:/Users/david/OneDrive/Documents/Unreal Projects/Chinatown/Content/Characters/Mannequins/Textures/Manny/T_Manny_01_D.uexp" 1077
"C:/Users/david/OneDrive/Documents/Unreal Projects/Chinatown/Content/Characters/Mannequins/Textures/Manny/T_Manny_01_MRA.ubulk" 1078
"C:/Users/david/OneDrive/Documents/Unreal Projects/Chinatown/Content/Characters/Mannequins/Textures/Manny/T_Manny_01_MRA.uasset" 1079
"C:/Users/david/OneDrive/Documents/Unreal Projects/Chinatown/Content/Characters/Mannequins/Textures/Manny/T_Manny_01_MRA.uexp" 1080
"C:/Users/david/OneDrive/Documents/Unreal Projects/Chinatown/Content/Characters/Mannequins/Textures/Shared/T_UE_Logo_M.uasset" 1081
"C:/Users/david/OneDrive/Documents/Unreal Projects/Chinatown/Content/Characters/Mannequins/Textures/Shared/T_UE_Logo_M.uexp" 1082
"C:/Users/david/OneDrive/Documents/Unreal Projects/Chinatown/Content/Characters/Mannequins/Materials/M_Mannequin.uasset" 1083
"C:/Users/david/OneDrive/Documents/Unreal Projects/Chinatown/Content/Characters/Mannequins/Materials/M_Mannequin.uexp" 1084
"C:/Users/david/OneDrive/Documents/Unreal Projects/Chinatown/Content/Characters/Mannequins/Textures/Quinn/T_Quinn_01_N.ubulk" 1085
"C:/Users/david/OneDrive/Documents/Unreal Projects/Chinatown/Content/Characters/Mannequins/Textures/Quinn/T_Quinn_01_N.uasset" 1086
"C:/Users/david/OneDrive/Documents/Unreal Projects/Chinatown/Content/Characters/Mannequins/Textures/Quinn/T_Quinn_01_N.uexp" 1087
"C:/Users/david/OneDrive/Documents/Unreal Projects/Chinatown/Content/Characters/Mannequins/Textures/Quinn/T_Quinn_01_MRA.ubulk" 1088
"C:/Users/david/OneDrive/Documents/Unreal Projects/Chinatown/Content/Characters/Mannequins/Textures/Quinn/T_Quinn_01_MRA.uasset" 1089
"C:/Users/david/OneDrive/Documents/Unreal Projects/Chinatown/Content/Characters/Mannequins/Textures/Quinn/T_Quinn_01_MRA.uexp" 1090
"C:/Users/david/OneDrive/Documents/Unreal Projects/Chinatown/Content/Characters/Mannequins/Textures/Quinn/T_Quinn_01_D.ubulk" 1091
"C:/Users/david/OneDrive/Documents/Unreal Projects/Chinatown/Content/Characters/Mannequins/Textures/Quinn/T_Quinn_01_D.uasset" 1092
"C:/Users/david/OneDrive/Documents/Unreal Projects/Chinatown/Content/Characters/Mannequins/Textures/Quinn/T_Quinn_01_D.uexp" 1093
"C:/Users/david/OneDrive/Documents/Unreal Projects/Chinatown/Content/Characters/Mannequins/Materials/Quinn/MI_Quinn_01.uasset" 1094
"C:/Users/david/OneDrive/Documents/Unreal Projects/Chinatown/Content/Characters/Mannequins/Materials/Quinn/MI_Quinn_01.uexp" 1095
"C:/Users/david/OneDrive/Documents/Unreal Projects/Chinatown/Content/Characters/Mannequins/Textures/Quinn/T_Quinn_02_N.ubulk" 1096
"C:/Users/david/OneDrive/Documents/Unreal Projects/Chinatown/Content/Characters/Mannequins/Textures/Quinn/T_Quinn_02_N.uasset" 1097
"C:/Users/david/OneDrive/Documents/Unreal Projects/Chinatown/Content/Characters/Mannequins/Textures/Quinn/T_Quinn_02_N.uexp" 1098
"C:/Users/david/OneDrive/Documents/Unreal Projects/Chinatown/Content/Characters/Mannequins/Textures/Quinn/T_Quinn_02_MRA.ubulk" 1099
"C:/Users/david/OneDrive/Documents/Unreal Projects/Chinatown/Content/Characters/Mannequins/Textures/Quinn/T_Quinn_02_MRA.uasset" 1100
"C:/Users/david/OneDrive/Documents/Unreal Projects/Chinatown/Content/Characters/Mannequins/Textures/Quinn/T_Quinn_02_MRA.uexp" 1101
"C:/Users/david/OneDrive/Documents/Unreal Projects/Chinatown/Content/Characters/Mannequins/Textures/Quinn/T_Quinn_02_D.ubulk" 1102
"C:/Users/david/OneDrive/Documents/Unreal Projects/Chinatown/Content/Characters/Mannequins/Textures/Quinn/T_Quinn_02_D.uasset" 1103
"C:/Users/david/OneDrive/Documents/Unreal Projects/Chinatown/Content/Characters/Mannequins/Textures/Quinn/T_Quinn_02_D.uexp" 1104
"C:/Users/david/OneDrive/Documents/Unreal Projects/Chinatown/Content/Characters/Mannequins/Materials/Quinn/MI_Quinn_02.uasset" 1105
"C:/Users/david/OneDrive/Documents/Unreal Projects/Chinatown/Content/Characters/Mannequins/Materials/Quinn/MI_Quinn_02.uexp" 1106
"C:/Users/david/OneDrive/Documents/Unreal Projects/Chinatown/Content/Characters/Mannequins/Meshes/SKM_Quinn_Simple.uasset" 1107
"C:/Users/david/OneDrive/Documents/Unreal Projects/Chinatown/Content/Characters/Mannequins/Meshes/SKM_Quinn_Simple.uexp" 1108
"../../../Engine/Content/Animation/DefaultAnimBoneCompressionSettings.uasset" 1109
"../../../Engine/Content/Animation/DefaultAnimBoneCompressionSettings.uexp" 1110
"../../../Engine/Content/Animation/DefaultAnimCurveCompressionSettings.uasset" 1111
"../../../Engine/Content/Animation/DefaultAnimCurveCompressionSettings.uexp" 1112
"../../../Engine/Content/Animation/DefaultVariableFrameStrippingSettings.uasset" 1113
"../../../Engine/Content/Animation/DefaultVariableFrameStrippingSettings.uexp" 1114
"C:/Users/david/OneDrive/Documents/Unreal Projects/Chinatown/Content/Characters/Mannequins/Anims/Unarmed/MM_Idle.uasset" 1115
"C:/Users/david/OneDrive/Documents/Unreal Projects/Chinatown/Content/Characters/Mannequins/Anims/Unarmed/MM_Idle.uexp" 1116
"../../../Engine/Plugins/Animation/ACLPlugin/Content/ACLAnimCurveCompressionSettings.uasset" 1117
"../../../Engine/Plugins/Animation/ACLPlugin/Content/ACLAnimCurveCompressionSettings.uexp" 1118
"C:/Users/david/OneDrive/Documents/Unreal Projects/Chinatown/Content/Characters/Mannequins/Anims/Unarmed/Walk/MF_Unarmed_Walk_Right.uasset" 1119
"C:/Users/david/OneDrive/Documents/Unreal Projects/Chinatown/Content/Characters/Mannequins/Anims/Unarmed/Walk/MF_Unarmed_Walk_Right.uexp" 1120
"C:/Users/david/OneDrive/Documents/Unreal Projects/Chinatown/Content/Characters/Mannequins/Anims/Unarmed/Walk/MF_Unarmed_Walk_Left.uasset" 1121
"C:/Users/david/OneDrive/Documents/Unreal Projects/Chinatown/Content/Characters/Mannequins/Anims/Unarmed/Walk/MF_Unarmed_Walk_Left.uexp" 1122
"C:/Users/david/OneDrive/Documents/Unreal Projects/Chinatown/Content/Characters/Mannequins/Anims/Unarmed/Walk/MF_Unarmed_Walk_Fwd.uasset" 1123
"C:/Users/david/OneDrive/Documents/Unreal Projects/Chinatown/Content/Characters/Mannequins/Anims/Unarmed/Walk/MF_Unarmed_Walk_Fwd.uexp" 1124
"C:/Users/david/OneDrive/Documents/Unreal Projects/Chinatown/Content/Characters/Mannequins/Anims/Unarmed/Walk/MF_Unarmed_Walk_Bwd.uasset" 1125
"C:/Users/david/OneDrive/Documents/Unreal Projects/Chinatown/Content/Characters/Mannequins/Anims/Unarmed/Walk/MF_Unarmed_Walk_Bwd.uexp" 1126
"C:/Users/david/OneDrive/Documents/Unreal Projects/Chinatown/Content/Characters/Mannequins/Anims/Unarmed/Jog/MF_Unarmed_Jog_Right.uasset" 1127
"C:/Users/david/OneDrive/Documents/Unreal Projects/Chinatown/Content/Characters/Mannequins/Anims/Unarmed/Jog/MF_Unarmed_Jog_Right.uexp" 1128
"C:/Users/david/OneDrive/Documents/Unreal Projects/Chinatown/Content/Characters/Mannequins/Anims/Unarmed/Jog/MF_Unarmed_Jog_Left.uasset" 1129
"C:/Users/david/OneDrive/Documents/Unreal Projects/Chinatown/Content/Characters/Mannequins/Anims/Unarmed/Jog/MF_Unarmed_Jog_Left.uexp" 1130
"C:/Users/david/OneDrive/Documents/Unreal Projects/Chinatown/Content/Characters/Mannequins/Anims/Unarmed/Jog/MF_Unarmed_Jog_Fwd.uasset" 1131
"C:/Users/david/OneDrive/Documents/Unreal Projects/Chinatown/Content/Characters/Mannequins/Anims/Unarmed/Jog/MF_Unarmed_Jog_Fwd.uexp" 1132
"C:/Users/david/OneDrive/Documents/Unreal Projects/Chinatown/Content/Characters/Mannequins/Anims/Unarmed/Jog/MF_Unarmed_Jog_Bwd.uasset" 1133
"C:/Users/david/OneDrive/Documents/Unreal Projects/Chinatown/Content/Characters/Mannequins/Anims/Unarmed/Jog/MF_Unarmed_Jog_Bwd.uexp" 1134
"C:/Users/david/OneDrive/Documents/Unreal Projects/Chinatown/Content/Characters/Mannequins/Anims/Unarmed/BS_Idle_Walk_Run.uasset" 1135
"C:/Users/david/OneDrive/Documents/Unreal Projects/Chinatown/Content/Characters/Mannequins/Anims/Unarmed/BS_Idle_Walk_Run.uexp" 1136
"../../../Engine/Plugins/Animation/ControlRig/Content/Controls/DefaultGizmoLibraryNormalized.uasset" 1137
"../../../Engine/Plugins/Animation/ControlRig/Content/Controls/DefaultGizmoLibraryNormalized.uexp" 1138
"C:/Users/david/OneDrive/Documents/Unreal Projects/Chinatown/Content/Characters/Mannequins/Rigs/CR_Mannequin_FootIK.uasset" 1139
"C:/Users/david/OneDrive/Documents/Unreal Projects/Chinatown/Content/Characters/Mannequins/Rigs/CR_Mannequin_FootIK.uexp" 1140
"C:/Users/david/OneDrive/Documents/Unreal Projects/Chinatown/Content/Characters/Mannequins/Anims/Unarmed/Jump/MM_Land.uasset" 1141
"C:/Users/david/OneDrive/Documents/Unreal Projects/Chinatown/Content/Characters/Mannequins/Anims/Unarmed/Jump/MM_Land.uexp" 1142
"C:/Users/david/OneDrive/Documents/Unreal Projects/Chinatown/Content/Characters/Mannequins/Anims/Unarmed/Jump/MM_Jump.uasset" 1143
"C:/Users/david/OneDrive/Documents/Unreal Projects/Chinatown/Content/Characters/Mannequins/Anims/Unarmed/Jump/MM_Jump.uexp" 1144
"C:/Users/david/OneDrive/Documents/Unreal Projects/Chinatown/Content/Characters/Mannequins/Anims/Unarmed/Jump/MM_Fall_Loop.uasset" 1145
"C:/Users/david/OneDrive/Documents/Unreal Projects/Chinatown/Content/Characters/Mannequins/Anims/Unarmed/Jump/MM_Fall_Loop.uexp" 1146
"C:/Users/david/OneDrive/Documents/Unreal Projects/Chinatown/Content/Characters/Mannequins/Anims/Unarmed/ABP_Unarmed.uasset" 1147
"C:/Users/david/OneDrive/Documents/Unreal Projects/Chinatown/Content/Characters/Mannequins/Anims/Unarmed/ABP_Unarmed.uexp" 1148
"C:/Users/david/OneDrive/Documents/Unreal Projects/Chinatown/Content/ThirdPerson/Blueprints/BP_ThirdPersonCharacter.uasset" 1149
"C:/Users/david/OneDrive/Documents/Unreal Projects/Chinatown/Content/ThirdPerson/Blueprints/BP_ThirdPersonCharacter.uexp" 1150
"C:/Users/david/OneDrive/Documents/Unreal Projects/Chinatown/Content/BP_RoundGameState.uasset" 1151
"C:/Users/david/OneDrive/Documents/Unreal Projects/Chinatown/Content/BP_RoundGameState.uexp" 1152
"C:/Users/david/OneDrive/Documents/Unreal Projects/Chinatown/Content/BP_MyGameMode.uasset" 1153
"C:/Users/david/OneDrive/Documents/Unreal Projects/Chinatown/Content/BP_MyGameMode.uexp" 1154
"C:/Users/david/OneDrive/Documents/Unreal Projects/Chinatown/Content/ThirdPerson/Lvl_ThirdPerson.uexp" 1155
"C:/Users/david/OneDrive/Documents/Unreal Projects/Chinatown/Content/ThirdPerson/Lvl_ThirdPerson.umap" 1156
